User_ID,Alcohol_YN
120,1.0
126,1.0
624,1.0
915,1.0
1168,1.0
3177,1.0
3427,1.0
3529,1.0
3997,1.0
4219,1.0
4362,1.0
5141,1.0
5332,1.0
5450,1.0
5597,1.0
7008,1.0
7405,1.0
7649,1.0
7682,1.0
8372,1.0
8737,1.0
9154,1.0
9780,1.0
11687,1.0
11704,1.0
11802,1.0
12009,1.0
12181,1.0
12227,1.0
12343,1.0
12647,1.0
12948,1.0
14849,1.0
14866,1.0
15329,1.0
15830,1.0
16693,1.0
16733,1.0
16763,1.0
16901,1.0
17229,1.0
17544,1.0
18133,1.0
18203,1.0
19475,1.0
20039,1.0
20231,1.0
20252,1.0
21032,1.0
22320,1.0
22605,1.0
22945,1.0
23169,1.0
23585,1.0
23684,1.0
23783,1.0
24242,1.0
24783,1.0
26458,1.0
27611,1.0
27726,1.0
27787,1.0
27970,1.0
28118,1.0
28451,1.0
28554,1.0
29919,1.0
30301,1.0
30515,1.0
31112,1.0
31359,1.0
31514,1.0
32203,1.0
33026,1.0
33141,1.0
33193,1.0
34039,1.0
34863,1.0
35011,1.0
36794,1.0
36931,1.0
37259,1.0
37784,1.0
38540,1.0
38654,1.0
39801,1.0
40831,1.0
41227,1.0
41873,1.0
42046,1.0
42250,1.0
42312,1.0
42637,1.0
43427,1.0
43527,1.0
43579,1.0
43847,1.0
44216,1.0
45185,1.0
45327,1.0
45697,1.0
45780,1.0
45912,1.0
46198,1.0
46205,1.0
46385,1.0
46464,1.0
46611,1.0
46899,1.0
47135,1.0
47548,1.0
47723,1.0
47834,1.0
48031,1.0
48105,1.0
48222,1.0
48339,1.0
48952,1.0
48989,1.0
49981,1.0
51511,1.0
51637,1.0
51639,1.0
51659,1.0
52043,1.0
52655,1.0
52725,1.0
53062,1.0
53390,1.0
53588,1.0
53611,1.0
54195,1.0
54955,1.0
55482,1.0
55976,1.0
56401,1.0
56411,1.0
57123,1.0
57538,1.0
58556,1.0
58732,1.0
59350,1.0
61008,1.0
62487,1.0
62548,1.0
62631,1.0
62672,1.0
63976,1.0
64300,1.0
64535,1.0
65466,1.0
65820,1.0
67503,1.0
67589,1.0
70465,1.0
71087,1.0
72210,1.0
72993,1.0
73836,1.0
74313,1.0
75000,1.0
75098,1.0
75739,1.0
75818,1.0
76171,1.0
76629,1.0
77133,1.0
78084,1.0
78148,1.0
78743,1.0
78870,1.0
79194,1.0
79275,1.0
79730,1.0
79921,1.0
80166,1.0
80357,1.0
81268,1.0
81671,1.0
82126,1.0
82238,1.0
82573,1.0
82763,1.0
83166,1.0
83269,1.0
84082,1.0
85149,1.0
85445,1.0
85855,1.0
85935,1.0
87415,1.0
88157,1.0
89183,1.0
89484,1.0
89778,1.0
90395,1.0
90493,1.0
90632,1.0
91517,1.0
91870,1.0
92550,1.0
95173,1.0
95184,1.0
95363,1.0
95434,1.0
96283,1.0
96373,1.0
97044,1.0
98111,1.0
99477,1.0
99617,1.0
99744,1.0
100112,1.0
100294,1.0
102216,1.0
102301,1.0
102393,1.0
103221,1.0
103588,1.0
103643,1.0
104285,1.0
105354,1.0
105864,1.0
106496,1.0
106640,1.0
107730,1.0
107734,1.0
107771,1.0
108715,1.0
108918,1.0
108946,1.0
109306,1.0
111738,1.0
112342,1.0
112455,1.0
113165,1.0
113704,1.0
114385,1.0
114829,1.0
114866,1.0
115460,1.0
115513,1.0
116646,1.0
117115,1.0
117683,1.0
118824,1.0
119481,1.0
119583,1.0
119697,1.0
119800,1.0
119907,1.0
120937,1.0
120977,1.0
121440,1.0
121872,1.0
122563,1.0
123610,1.0
123611,1.0
124266,1.0
124438,1.0
124532,1.0
125823,1.0
125832,1.0
126503,1.0
127580,1.0
127588,1.0
127705,1.0
128675,1.0
128788,1.0
129601,1.0
129863,1.0
129954,1.0
130119,1.0
130539,1.0
130911,1.0
131276,1.0
132529,1.0
132612,1.0
132812,1.0
132863,1.0
134041,1.0
135945,1.0
136152,1.0
136609,1.0
136627,1.0
136918,1.0
137230,1.0
137734,1.0
137879,1.0
137887,1.0
138367,1.0
138443,1.0
139573,1.0
140002,1.0
140025,1.0
140423,1.0
140927,1.0
141771,1.0
142821,1.0
142874,1.0
142916,1.0
143173,1.0
143502,1.0
143755,1.0
144080,1.0
144388,1.0
144426,1.0
144924,1.0
145423,1.0
145545,1.0
145950,1.0
146328,1.0
146630,1.0
147200,1.0
147701,1.0
148320,1.0
148854,1.0
149040,1.0
149175,1.0
149250,1.0
149462,1.0
149515,1.0
149671,1.0
149766,1.0
150222,1.0
150401,1.0
150652,1.0
151304,1.0
152253,1.0
153586,1.0
154296,1.0
154688,1.0
154768,1.0
154961,1.0
154965,1.0
156775,1.0
157383,1.0
157875,1.0
158138,1.0
158185,1.0
159855,1.0
160172,1.0
160233,1.0
160253,1.0
160645,1.0
160778,1.0
161505,1.0
161754,1.0
162799,1.0
162888,1.0
162910,1.0
163245,1.0
163991,1.0
164664,1.0
165330,1.0
165392,1.0
165410,1.0
165878,1.0
166278,1.0
166356,1.0
167503,1.0
167669,1.0
167909,1.0
168133,1.0
169568,1.0
169759,1.0
170408,1.0
170750,1.0
170851,1.0
171737,1.0
171792,1.0
172503,1.0
173123,1.0
173630,1.0
173826,1.0
174712,1.0
174734,1.0
175324,1.0
175375,1.0
175840,1.0
175922,1.0
176009,1.0
176053,1.0
176473,1.0
177309,1.0
177687,1.0
178351,1.0
178486,1.0
178573,1.0
179548,1.0
180014,1.0
180625,1.0
181059,1.0
181177,1.0
181329,1.0
182891,1.0
183015,1.0
184455,1.0
184529,1.0
184939,1.0
184973,1.0
185618,1.0
185729,1.0
186316,1.0
186382,1.0
187339,1.0
187573,1.0
187758,1.0
187800,1.0
187810,1.0
188193,1.0
188259,1.0
189366,1.0
189726,1.0
190174,1.0
193006,1.0
194322,1.0
195191,1.0
195672,1.0
196026,1.0
196325,1.0
197414,1.0
199186,1.0
199493,1.0
200758,1.0
200871,1.0
201119,1.0
201358,1.0
201497,1.0
202360,1.0
202375,1.0
202966,1.0
202993,1.0
203021,1.0
203124,1.0
203738,1.0
203776,1.0
204253,1.0
205444,1.0
206136,1.0
206749,1.0
207716,1.0
207966,1.0
208094,1.0
208739,1.0
209140,1.0
209374,1.0
210333,1.0
210668,1.0
210782,1.0
210815,1.0
210864,1.0
212097,1.0
212569,1.0
212797,1.0
212876,1.0
213383,1.0
213644,1.0
214556,1.0
214785,1.0
215034,1.0
215056,1.0
215101,1.0
215194,1.0
215771,1.0
216280,1.0
216981,1.0
217259,1.0
217587,1.0
218443,1.0
219000,1.0
219104,1.0
219502,1.0
219707,1.0
220404,1.0
221381,1.0
223412,1.0
223586,1.0
223605,1.0
224124,1.0
224491,1.0
225191,1.0
225209,1.0
225685,1.0
225705,1.0
225880,1.0
226677,1.0
226985,1.0
227905,1.0
228090,1.0
229101,1.0
229342,1.0
229739,1.0
231821,1.0
231850,1.0
232198,1.0
232763,1.0
232860,1.0
232893,1.0
233031,1.0
233274,1.0
235104,1.0
235782,1.0
237273,1.0
237767,1.0
237950,1.0
238027,1.0
238036,1.0
238417,1.0
238999,1.0
239654,1.0
239681,1.0
241090,1.0
244560,1.0
245054,1.0
245954,1.0
245955,1.0
246383,1.0
246438,1.0
248403,1.0
248491,1.0
249159,1.0
249398,1.0
249708,1.0
249920,1.0
250311,1.0
250620,1.0
251431,1.0
251567,1.0
252555,1.0
253106,1.0
253858,1.0
253943,1.0
254032,1.0
254037,1.0
254929,1.0
255081,1.0
255459,1.0
255535,1.0
255689,1.0
257562,1.0
257902,1.0
258308,1.0
258483,1.0
259014,1.0
260193,1.0
261698,1.0
261925,1.0
262251,1.0
262414,1.0
262628,1.0
262640,1.0
262799,1.0
263534,1.0
263578,1.0
264408,1.0
265293,1.0
266773,1.0
266939,1.0
267760,1.0
268041,1.0
269185,1.0
269419,1.0
270018,1.0
270377,1.0
271184,1.0
271218,1.0
271518,1.0
271535,1.0
271601,1.0
271707,1.0
272123,1.0
272625,1.0
273350,1.0
273514,1.0
273912,1.0
274544,1.0
275568,1.0
275988,1.0
276636,1.0
278628,1.0
278871,1.0
279590,1.0
279936,1.0
280116,1.0
280343,1.0
280589,1.0
280704,1.0
281567,1.0
281919,1.0
282279,1.0
282353,1.0
282465,1.0
282571,1.0
282629,1.0
283980,1.0
284074,1.0
285896,1.0
286737,1.0
287100,1.0
287282,1.0
287499,1.0
288582,1.0
289175,1.0
289234,1.0
289549,1.0
289908,1.0
289975,1.0
290928,1.0
291379,1.0
291595,1.0
291986,1.0
292570,1.0
292981,1.0
293046,1.0
293050,1.0
293848,1.0
294588,1.0
294795,1.0
295334,1.0
296041,1.0
296480,1.0
297884,1.0
298358,1.0
298685,1.0
299509,1.0
299584,1.0
300158,1.0
300328,1.0
300375,1.0
301074,1.0
301698,1.0
301749,1.0
301886,1.0
302221,1.0
304187,1.0
304302,1.0
304737,1.0
304772,1.0
305890,1.0
306561,1.0
307178,1.0
307864,1.0
308585,1.0
308786,1.0
309006,1.0
309804,1.0
309906,1.0
310152,1.0
310182,1.0
311546,1.0
313090,1.0
314690,1.0
314850,1.0
314954,1.0
315108,1.0
315216,1.0
316833,1.0
317039,1.0
317145,1.0
317449,1.0
317510,1.0
318169,1.0
319033,1.0
319318,1.0
319956,1.0
320067,1.0
320713,1.0
321386,1.0
322158,1.0
322576,1.0
323602,1.0
324026,1.0
324555,1.0
324836,1.0
326516,1.0
326730,1.0
327067,1.0
327616,1.0
328150,1.0
328746,1.0
329111,1.0
331248,1.0
331565,1.0
331648,1.0
332173,1.0
332431,1.0
333325,1.0
333485,1.0
333619,1.0
333907,1.0
334178,1.0
335139,1.0
335643,1.0
336256,1.0
336713,1.0
337104,1.0
337644,1.0
338416,1.0
339061,1.0
339142,1.0
339648,1.0
339749,1.0
340837,1.0
341060,1.0
341129,1.0
341131,1.0
341577,1.0
342421,1.0
342912,1.0
343149,1.0
343167,1.0
343225,1.0
344463,1.0
344687,1.0
345383,1.0
345992,1.0
346654,1.0
346965,1.0
347319,1.0
347680,1.0
348183,1.0
348898,1.0
349218,1.0
349288,1.0
349436,1.0
350910,1.0
351555,1.0
352737,1.0
353249,1.0
353935,1.0
354009,1.0
355585,1.0
356006,1.0
356947,1.0
357854,1.0
357961,1.0
358544,1.0
359176,1.0
359719,1.0
359964,1.0
360013,1.0
361176,1.0
361187,1.0
361235,1.0
361877,1.0
362548,1.0
362721,1.0
363153,1.0
363636,1.0
364657,1.0
364988,1.0
365872,1.0
366431,1.0
366456,1.0
367988,1.0
368619,1.0
370867,1.0
371424,1.0
371591,1.0
371608,1.0
371762,1.0
372214,1.0
373345,1.0
373733,1.0
374054,1.0
374885,1.0
375073,1.0
375277,1.0
375373,1.0
375498,1.0
375936,1.0
376120,1.0
376514,1.0
376627,1.0
376685,1.0
376831,1.0
376844,1.0
376999,1.0
377407,1.0
377891,1.0
378626,1.0
379028,1.0
379474,1.0
379683,1.0
379988,1.0
380357,1.0
380490,1.0
381068,1.0
381454,1.0
381787,1.0
382061,1.0
383967,1.0
384363,1.0
384657,1.0
384791,1.0
384936,1.0
385115,1.0
385402,1.0
385575,1.0
385715,1.0
386127,1.0
386134,1.0
386154,1.0
386643,1.0
387251,1.0
388529,1.0
388647,1.0
389113,1.0
390196,1.0
390787,1.0
390790,1.0
391279,1.0
391405,1.0
391497,1.0
392260,1.0
392493,1.0
392865,1.0
392977,1.0
393130,1.0
393274,1.0
393906,1.0
394094,1.0
394298,1.0
394350,1.0
394524,1.0
394853,1.0
395354,1.0
395593,1.0
397168,1.0
397407,1.0
397481,1.0
398238,1.0
398768,1.0
398896,1.0
399192,1.0
399291,1.0
399855,1.0
399874,1.0
400134,1.0
400179,1.0
400525,1.0
401163,1.0
403979,1.0
404936,1.0
405258,1.0
405777,1.0
405842,1.0
406234,1.0
406484,1.0
406855,1.0
406958,1.0
407375,1.0
407707,1.0
407716,1.0
409284,1.0
409667,1.0
409785,1.0
410005,1.0
410567,1.0
410785,1.0
411088,1.0
411750,1.0
411968,1.0
412275,1.0
412633,1.0
413289,1.0
413668,1.0
413979,1.0
414916,1.0
415253,1.0
415478,1.0
415686,1.0
416138,1.0
416772,1.0
417840,1.0
418039,1.0
418125,1.0
418470,1.0
420273,1.0
421696,1.0
421738,1.0
421964,1.0
422877,1.0
423167,1.0
423549,1.0
423813,1.0
424259,1.0
425111,1.0
425166,1.0
425252,1.0
425414,1.0
425666,1.0
425974,1.0
426867,1.0
428103,1.0
430632,1.0
433861,1.0
434229,1.0
434887,1.0
434931,1.0
435372,1.0
436696,1.0
436805,1.0
437122,1.0
437200,1.0
437806,1.0
437831,1.0
437945,1.0
438180,1.0
438274,1.0
438510,1.0
438612,1.0
438712,1.0
438974,1.0
439244,1.0
439254,1.0
440295,1.0
440518,1.0
440570,1.0
440673,1.0
440989,1.0
441017,1.0
441239,1.0
441935,1.0
442241,1.0
442388,1.0
443836,1.0
443977,1.0
444382,1.0
445045,1.0
445049,1.0
445301,1.0
445449,1.0
445593,1.0
445742,1.0
446641,1.0
446666,1.0
447189,1.0
447673,1.0
447882,1.0
448282,1.0
448314,1.0
448572,1.0
449380,1.0
450976,1.0
451316,1.0
451952,1.0
453669,1.0
454270,1.0
454801,1.0
454816,1.0
454849,1.0
454888,1.0
455333,1.0
455375,1.0
455714,1.0
455744,1.0
457059,1.0
457832,1.0
458642,1.0
459203,1.0
459286,1.0
459906,1.0
461242,1.0
462130,1.0
462162,1.0
462467,1.0
463273,1.0
464067,1.0
464590,1.0
465998,1.0
466090,1.0
466167,1.0
466596,1.0
466904,1.0
467829,1.0
467927,1.0
468476,1.0
469898,1.0
470435,1.0
470669,1.0
471564,1.0
471818,1.0
472756,1.0
472831,1.0
472841,1.0
473097,1.0
473234,1.0
473351,1.0
474814,1.0
475399,1.0
475424,1.0
477289,1.0
478316,1.0
478512,1.0
478529,1.0
479000,1.0
479140,1.0
479372,1.0
481115,1.0
481450,1.0
481489,1.0
481643,1.0
481806,1.0
482191,1.0
482206,1.0
482698,1.0
482743,1.0
483493,1.0
483680,1.0
483828,1.0
484404,1.0
484881,1.0
485188,1.0
485278,1.0
485293,1.0
485669,1.0
485727,1.0
485952,1.0
487186,1.0
487736,1.0
488024,1.0
489052,1.0
490105,1.0
490262,1.0
490325,1.0
491009,1.0
491191,1.0
491348,1.0
491908,1.0
492520,1.0
492981,1.0
493787,1.0
494512,1.0
494566,1.0
495043,1.0
495180,1.0
495477,1.0
495596,1.0
496679,1.0
497017,1.0
497104,1.0
497489,1.0
498211,1.0
499335,1.0
499547,1.0
500191,1.0
500412,1.0
500826,1.0
501959,1.0
501973,1.0
502285,1.0
502374,1.0
503126,1.0
503469,1.0
503514,1.0
503618,1.0
503895,1.0
504465,1.0
504818,1.0
504924,1.0
505880,1.0
507234,1.0
507623,1.0
507710,1.0
508192,1.0
508248,1.0
509039,1.0
509823,1.0
510082,1.0
510611,1.0
510778,1.0
511139,1.0
511244,1.0
512232,1.0
512381,1.0
512438,1.0
513078,1.0
513194,1.0
514381,1.0
514760,1.0
515253,1.0
515282,1.0
515497,1.0
515893,1.0
516511,1.0
516571,1.0
517002,1.0
517067,1.0
517133,1.0
517875,1.0
517876,1.0
518686,1.0
518836,1.0
519124,1.0
519528,1.0
520013,1.0
520135,1.0
520602,1.0
521013,1.0
522880,1.0
523286,1.0
523374,1.0
523715,1.0
523830,1.0
524625,1.0
524838,1.0
524901,1.0
525200,1.0
525330,1.0
525414,1.0
525729,1.0
525874,1.0
525936,1.0
525968,1.0
527191,1.0
527217,1.0
528386,1.0
530025,1.0
532198,1.0
533977,1.0
534735,1.0
534761,1.0
535521,1.0
536252,1.0
536494,1.0
536821,1.0
537065,1.0
537462,1.0
537547,1.0
537950,1.0
537982,1.0
538272,1.0
538508,1.0
538961,1.0
539340,1.0
539772,1.0
540143,1.0
541436,1.0
541526,1.0
541889,1.0
542686,1.0
543221,1.0
543345,1.0
543419,1.0
543722,1.0
544316,1.0
544346,1.0
544628,1.0
544732,1.0
545632,1.0
546055,1.0
546824,1.0
547470,1.0
548446,1.0
549509,1.0
550887,1.0
551571,1.0
551928,1.0
551932,1.0
552495,1.0
552707,1.0
552999,1.0
553076,1.0
553563,1.0
554642,1.0
554993,1.0
555162,1.0
555343,1.0
555726,1.0
555890,1.0
555962,1.0
556198,1.0
557006,1.0
557325,1.0
557408,1.0
557666,1.0
561367,1.0
561918,1.0
562501,1.0
562534,1.0
563530,1.0
563673,1.0
564263,1.0
565020,1.0
565276,1.0
566073,1.0
566205,1.0
566405,1.0
566781,1.0
567000,1.0
567280,1.0
567456,1.0
568997,1.0
569006,1.0
570678,1.0
571116,1.0
571711,1.0
572458,1.0
572492,1.0
573053,1.0
574311,1.0
574347,1.0
574765,1.0
574903,1.0
574934,1.0
575326,1.0
576689,1.0
577052,1.0
578097,1.0
578471,1.0
579274,1.0
579717,1.0
579799,1.0
579955,1.0
581336,1.0
581665,1.0
581731,1.0
582254,1.0
582281,1.0
582776,1.0
583035,1.0
583937,1.0
585330,1.0
586206,1.0
586419,1.0
587419,1.0
587685,1.0
587809,1.0
587896,1.0
588162,1.0
589622,1.0
589738,1.0
590110,1.0
590265,1.0
590949,1.0
591029,1.0
591531,1.0
592072,1.0
593082,1.0
593377,1.0
594379,1.0
594573,1.0
594701,1.0
595797,1.0
595808,1.0
596021,1.0
596390,1.0
596874,1.0
597090,1.0
597502,1.0
598082,1.0
598160,1.0
598316,1.0
598638,1.0
598883,1.0
599127,1.0
601553,1.0
602731,1.0
603115,1.0
603426,1.0
603514,1.0
604098,1.0
604372,1.0
604764,1.0
605225,1.0
605334,1.0
605591,1.0
605768,1.0
606431,1.0
606557,1.0
608053,1.0
608474,1.0
608635,1.0
609197,1.0
609249,1.0
609435,1.0
610133,1.0
610471,1.0
611482,1.0
611689,1.0
611801,1.0
612518,1.0
614278,1.0
614286,1.0
614739,1.0
614825,1.0
615282,1.0
616747,1.0
617320,1.0
617683,1.0
618050,1.0
618320,1.0
619094,1.0
619362,1.0
619620,1.0
620198,1.0
620477,1.0
620678,1.0
620967,1.0
621007,1.0
621606,1.0
621891,1.0
621944,1.0
622130,1.0
622243,1.0
622290,1.0
622991,1.0
623599,1.0
624335,1.0
624945,1.0
625089,1.0
626114,1.0
626477,1.0
626760,1.0
627730,1.0
627915,1.0
628203,1.0
629326,1.0
629432,1.0
629584,1.0
630686,1.0
631154,1.0
631477,1.0
631525,1.0
631541,1.0
632097,1.0
632575,1.0
632853,1.0
632986,1.0
633708,1.0
633796,1.0
634059,1.0
634460,1.0
634714,1.0
634729,1.0
635618,1.0
636427,1.0
636433,1.0
636614,1.0
637235,1.0
637713,1.0
638950,1.0
639057,1.0
639253,1.0
639838,1.0
640399,1.0
640799,1.0
640855,1.0
641395,1.0
641920,1.0
642049,1.0
642489,1.0
642532,1.0
642548,1.0
642819,1.0
642886,1.0
643544,1.0
643565,1.0
643761,1.0
643941,1.0
644007,1.0
644170,1.0
644445,1.0
644451,1.0
645042,1.0
645817,1.0
647449,1.0
647696,1.0
648888,1.0
648992,1.0
649782,1.0
649890,1.0
650152,1.0
650232,1.0
650476,1.0
650602,1.0
651603,1.0
652283,1.0
653052,1.0
653081,1.0
653121,1.0
653274,1.0
653308,1.0
655664,1.0
655899,1.0
656037,1.0
656299,1.0
656798,1.0
657037,1.0
657119,1.0
657257,1.0
657642,1.0
657767,1.0
657839,1.0
657846,1.0
658517,1.0
658598,1.0
659348,1.0
659669,1.0
660493,1.0
660867,1.0
660955,1.0
662017,1.0
662029,1.0
662105,1.0
662177,1.0
662186,1.0
662432,1.0
662695,1.0
663362,1.0
663493,1.0
663681,1.0
664690,1.0
664818,1.0
665032,1.0
665340,1.0
666022,1.0
666772,1.0
667058,1.0
667435,1.0
667659,1.0
667775,1.0
668414,1.0
668424,1.0
668452,1.0
669103,1.0
669104,1.0
669552,1.0
669924,1.0
670017,1.0
670246,1.0
671210,1.0
671551,1.0
671981,1.0
672785,1.0
673261,1.0
673272,1.0
674150,1.0
674425,1.0
675026,1.0
675061,1.0
675276,1.0
675612,1.0
676652,1.0
676816,1.0
676833,1.0
677398,1.0
677956,1.0
677984,1.0
678930,1.0
679139,1.0
679234,1.0
680070,1.0
680546,1.0
680719,1.0
680848,1.0
681585,1.0
682068,1.0
682257,1.0
682778,1.0
682790,1.0
683087,1.0
683483,1.0
685021,1.0
685506,1.0
686612,1.0
686699,1.0
687023,1.0
687052,1.0
687315,1.0
687492,1.0
687867,1.0
688431,1.0
689544,1.0
689678,1.0
689687,1.0
691149,1.0
691263,1.0
691280,1.0
691670,1.0
691705,1.0
691851,1.0
692347,1.0
692908,1.0
693072,1.0
693983,1.0
694025,1.0
694102,1.0
694866,1.0
696322,1.0
696465,1.0
698213,1.0
698481,1.0
698693,1.0
698770,1.0
698771,1.0
698923,1.0
699547,1.0
699603,1.0
700620,1.0
701476,1.0
701764,1.0
702270,1.0
702502,1.0
702921,1.0
704684,1.0
705426,1.0
705647,1.0
706477,1.0
707564,1.0
707686,1.0
708154,1.0
708631,1.0
709320,1.0
709682,1.0
710296,1.0
711255,1.0
711425,1.0
711819,1.0
711986,1.0
712063,1.0
712461,1.0
713554,1.0
714550,1.0
714874,1.0
715061,1.0
715134,1.0
715260,1.0
715528,1.0
715558,1.0
716784,1.0
716981,1.0
717751,1.0
719031,1.0
719112,1.0
719978,1.0
721352,1.0
721663,1.0
721885,1.0
721944,1.0
722749,1.0
723123,1.0
724277,1.0
724393,1.0
724578,1.0
725327,1.0
725382,1.0
725815,1.0
726051,1.0
726619,1.0
726786,1.0
726931,1.0
727023,1.0
727210,1.0
727243,1.0
727377,1.0
727548,1.0
727958,1.0
728682,1.0
729106,1.0
729367,1.0
729438,1.0
730018,1.0
730349,1.0
731083,1.0
731394,1.0
731453,1.0
731805,1.0
731929,1.0
732226,1.0
732762,1.0
733167,1.0
734522,1.0
734827,1.0
735071,1.0
735195,1.0
736166,1.0
736295,1.0
736757,1.0
737102,1.0
737204,1.0
737253,1.0
737426,1.0
737743,1.0
738273,1.0
739108,1.0
740716,1.0
740833,1.0
741655,1.0
742100,1.0
742281,1.0
742655,1.0
742917,1.0
743259,1.0
743480,1.0
744173,1.0
744194,1.0
744262,1.0
745304,1.0
746154,1.0
746427,1.0
746614,1.0
746814,1.0
747172,1.0
747782,1.0
748932,1.0
749495,1.0
749771,1.0
750083,1.0
750346,1.0
753379,1.0
753381,1.0
753427,1.0
753999,1.0
754146,1.0
754371,1.0
754453,1.0
755271,1.0
755798,1.0
756424,1.0
756860,1.0
757029,1.0
757405,1.0
757523,1.0
757835,1.0
757950,1.0
758179,1.0
758519,1.0
759144,1.0
759385,1.0
760028,1.0
761040,1.0
761736,1.0
762230,1.0
762634,1.0
762972,1.0
763463,1.0
763526,1.0
763580,1.0
763728,1.0
763971,1.0
764990,1.0
765546,1.0
765607,1.0
765769,1.0
765918,1.0
766469,1.0
766999,1.0
767151,1.0
767871,1.0
768535,1.0
768796,1.0
770626,1.0
771277,1.0
771960,1.0
772018,1.0
772307,1.0
772450,1.0
772545,1.0
772687,1.0
773465,1.0
774290,1.0
774695,1.0
775642,1.0
776140,1.0
776829,1.0
776936,1.0
776979,1.0
777930,1.0
778698,1.0
779886,1.0
779932,1.0
780961,1.0
781557,1.0
781688,1.0
782193,1.0
782785,1.0
783111,1.0
783416,1.0
783535,1.0
783881,1.0
784475,1.0
785176,1.0
786933,1.0
787742,1.0
787751,1.0
787799,1.0
788061,1.0
788294,1.0
788592,1.0
789224,1.0
790028,1.0
790112,1.0
790145,1.0
790263,1.0
790353,1.0
790534,1.0
790586,1.0
790597,1.0
790933,1.0
791529,1.0
791570,1.0
791676,1.0
791800,1.0
792437,1.0
792478,1.0
792530,1.0
792692,1.0
792877,1.0
794093,1.0
794219,1.0
794573,1.0
794900,1.0
794998,1.0
795578,1.0
795990,1.0
796684,1.0
796977,1.0
797223,1.0
797463,1.0
797829,1.0
798435,1.0
798483,1.0
799668,1.0
799746,1.0
799884,1.0
799982,1.0
800484,1.0
800872,1.0
801050,1.0
801354,1.0
801433,1.0
801540,1.0
801733,1.0
802134,1.0
802573,1.0
802973,1.0
804137,1.0
804946,1.0
805337,1.0
806085,1.0
806119,1.0
806125,1.0
806146,1.0
807002,1.0
807215,1.0
807965,1.0
808025,1.0
808550,1.0
808840,1.0
809035,1.0
809884,1.0
810179,1.0
811441,1.0
811506,1.0
812523,1.0
812970,1.0
813212,1.0
813270,1.0
813575,1.0
813661,1.0
814539,1.0
814967,1.0
815181,1.0
815494,1.0
815619,1.0
816310,1.0
817070,1.0
817314,1.0
817383,1.0
817602,1.0
817745,1.0
818037,1.0
818760,1.0
819238,1.0
819356,1.0
819675,1.0
820104,1.0
820395,1.0
820507,1.0
820808,1.0
820919,1.0
822210,1.0
822883,1.0
823348,1.0
823759,1.0
823764,1.0
824552,1.0
825477,1.0
827376,1.0
828428,1.0
829200,1.0
829217,1.0
829484,1.0
830184,1.0
831087,1.0
831256,1.0
831403,1.0
832562,1.0
833638,1.0
833831,1.0
833990,1.0
834408,1.0
834801,1.0
834894,1.0
835648,1.0
836190,1.0
836375,1.0
836429,1.0
836949,1.0
837584,1.0
837650,1.0
837692,1.0
837749,1.0
838293,1.0
838699,1.0
838721,1.0
838741,1.0
840002,1.0
840385,1.0
841172,1.0
841345,1.0
841348,1.0
841739,1.0
842341,1.0
842408,1.0
842578,1.0
843268,1.0
844247,1.0
845151,1.0
845213,1.0
845553,1.0
845686,1.0
845741,1.0
845759,1.0
845764,1.0
846627,1.0
846697,1.0
848172,1.0
848227,1.0
848453,1.0
849163,1.0
849270,1.0
849734,1.0
850100,1.0
851209,1.0
851515,1.0
851743,1.0
852605,1.0
853016,1.0
853128,1.0
853143,1.0
853889,1.0
854084,1.0
854509,1.0
854568,1.0
854776,1.0
855066,1.0
855165,1.0
855495,1.0
855568,1.0
855751,1.0
856921,1.0
857656,1.0
858008,1.0
859180,1.0
859597,1.0
859781,1.0
860309,1.0
860508,1.0
860916,1.0
862698,1.0
863488,1.0
863525,1.0
864499,1.0
865022,1.0
865365,1.0
866217,1.0
866376,1.0
866738,1.0
866859,1.0
867202,1.0
867389,1.0
867837,1.0
868065,1.0
868428,1.0
868536,1.0
868761,1.0
869123,1.0
869579,1.0
869680,1.0
869821,1.0
869845,1.0
870873,1.0
871446,1.0
871858,1.0
871881,1.0
872219,1.0
872564,1.0
872595,1.0
873714,1.0
874243,1.0
875519,1.0
875559,1.0
875711,1.0
875817,1.0
877733,1.0
878346,1.0
878504,1.0
878627,1.0
878942,1.0
879545,1.0
880082,1.0
880121,1.0
880257,1.0
880387,1.0
880796,1.0
880883,1.0
881325,1.0
881582,1.0
882955,1.0
883585,1.0
884170,1.0
884316,1.0
884904,1.0
885037,1.0
885629,1.0
886117,1.0
886466,1.0
887581,1.0
887925,1.0
889748,1.0
890040,1.0
891063,1.0
891550,1.0
892796,1.0
893184,1.0
893468,1.0
894439,1.0
894585,1.0
895649,1.0
896307,1.0
896715,1.0
896748,1.0
896827,1.0
897076,1.0
897277,1.0
897695,1.0
897785,1.0
898605,1.0
899851,1.0
899882,1.0
900774,1.0
900976,1.0
901468,1.0
901485,1.0
902015,1.0
903062,1.0
903141,1.0
903266,1.0
903429,1.0
905858,1.0
906436,1.0
907259,1.0
907675,1.0
908143,1.0
908694,1.0
909216,1.0
910422,1.0
910701,1.0
911066,1.0
911557,1.0
911720,1.0
911840,1.0
912183,1.0
912426,1.0
912617,1.0
913360,1.0
914379,1.0
915388,1.0
916474,1.0
917677,1.0
918140,1.0
918562,1.0
918985,1.0
919545,1.0
919598,1.0
920115,1.0
920355,1.0
921087,1.0
921234,1.0
921652,1.0
922313,1.0
922719,1.0
925503,1.0
925512,1.0
925555,1.0
925772,1.0
925821,1.0
926336,1.0
926604,1.0
926743,1.0
927040,1.0
927996,1.0
928170,1.0
928361,1.0
928718,1.0
928757,1.0
929221,1.0
929921,1.0
930062,1.0
930532,1.0
930650,1.0
931756,1.0
932372,1.0
932649,1.0
932823,1.0
933109,1.0
933214,1.0
933369,1.0
933724,1.0
933812,1.0
934178,1.0
934307,1.0
934340,1.0
934504,1.0
934974,1.0
935193,1.0
935260,1.0
935503,1.0
935528,1.0
935935,1.0
936350,1.0
936409,1.0
936953,1.0
937773,1.0
937874,1.0
937954,1.0
938010,1.0
938778,1.0
939667,1.0
941170,1.0
941421,1.0
941729,1.0
942257,1.0
942594,1.0
942598,1.0
942986,1.0
943188,1.0
943842,1.0
944682,1.0
944878,1.0
945081,1.0
945646,1.0
946375,1.0
946623,1.0
947139,1.0
947506,1.0
947582,1.0
949300,1.0
949898,1.0
950223,1.0
950992,1.0
951276,1.0
952213,1.0
953500,1.0
954177,1.0
954400,1.0
955327,1.0
955741,1.0
958147,1.0
958999,1.0
961328,1.0
961629,1.0
961655,1.0
961929,1.0
962138,1.0
962475,1.0
963075,1.0
963095,1.0
964885,1.0
964953,1.0
966541,1.0
966914,1.0
967320,1.0
968963,1.0
969202,1.0
969737,1.0
969991,1.0
970295,1.0
970429,1.0
970519,1.0
971054,1.0
971355,1.0
971439,1.0
971568,1.0
973019,1.0
973288,1.0
974011,1.0
974345,1.0
974755,1.0
975592,1.0
975911,1.0
976337,1.0
978284,1.0
978696,1.0
979965,1.0
980087,1.0
980414,1.0
981120,1.0
981396,1.0
981527,1.0
982407,1.0
982557,1.0
982713,1.0
983630,1.0
983731,1.0
983931,1.0
983963,1.0
984102,1.0
984774,1.0
984933,1.0
985329,1.0
985687,1.0
986035,1.0
986086,1.0
986196,1.0
986803,1.0
986946,1.0
987261,1.0
987433,1.0
988216,1.0
988306,1.0
988370,1.0
989034,1.0
989238,1.0
989816,1.0
990018,1.0
990190,1.0
990568,1.0
991006,1.0
991847,1.0
992049,1.0
993317,1.0
993625,1.0
993958,1.0
994035,1.0
995406,1.0
995490,1.0
996851,1.0
997263,1.0
998494,1.0
998551,1.0
998586,1.0
998626,1.0
1000120,1.0
1000126,1.0
1000749,1.0
1001050,1.0
1001168,1.0
1001436,1.0
1001762,1.0
1002524,1.0
1003177,1.0
1003529,1.0
1003997,1.0
1004219,1.0
1004362,1.0
1005141,1.0
1005332,1.0
1005450,1.0
1006000,1.0
1006077,1.0
1006558,1.0
1007008,1.0
1007405,1.0
1007682,1.0
1008737,1.0
1009154,1.0
1010240,1.0
1010580,1.0
1011802,1.0
1012009,1.0
1012181,1.0
1012227,1.0
1012362,1.0
1012452,1.0
1012948,1.0
1014849,1.0
1014866,1.0
1015062,1.0
1015329,1.0
1015830,1.0
1016402,1.0
1016693,1.0
1016763,1.0
1017229,1.0
1018133,1.0
1018203,1.0
1019164,1.0
1019475,1.0
1020039,1.0
1020231,1.0
1020252,1.0
1020469,1.0
1021032,1.0
1021325,1.0
1023167,1.0
1023169,1.0
1023585,1.0
1023684,1.0
1023783,1.0
1024078,1.0
1024242,1.0
1024783,1.0
1025844,1.0
1027611,1.0
1027787,1.0
1028118,1.0
1028451,1.0
1028848,1.0
1030218,1.0
1030301,1.0
1031112,1.0
1033026,1.0
1033193,1.0
1034039,1.0
1034192,1.0
1034863,1.0
1035011,1.0
1036847,1.0
1036931,1.0
1037259,1.0
1037342,1.0
1038654,1.0
1039649,1.0
1039801,1.0
1039853,1.0
1040291,1.0
1040648,1.0
1040831,1.0
1041227,1.0
1041873,1.0
1041944,1.0
1042046,1.0
1042637,1.0
1042934,1.0
1043527,1.0
1044191,1.0
1044216,1.0
1044361,1.0
1045185,1.0
1045327,1.0
1045697,1.0
1045780,1.0
1046198,1.0
1046385,1.0
1046464,1.0
1046611,1.0
1046777,1.0
1046899,1.0
1046988,1.0
1047135,1.0
1047548,1.0
1048031,1.0
1048222,1.0
1048339,1.0
1048993,1.0
1050320,1.0
1050642,1.0
1051292,1.0
1051344,1.0
1051637,1.0
1051639,1.0
1051659,1.0
1051684,1.0
1052043,1.0
1052607,1.0
1052655,1.0
1052725,1.0
1053286,1.0
1053390,1.0
1053588,1.0
1053611,1.0
1054195,1.0
1054955,1.0
1055482,1.0
1055976,1.0
1055978,1.0
1056074,1.0
1056076,1.0
1057123,1.0
1058732,1.0
1059908,1.0
1060559,1.0
1061008,1.0
1062631,1.0
1062672,1.0
1063976,1.0
1064535,1.0
1065327,1.0
1065353,1.0
1065466,1.0
1065820,1.0
1066807,1.0
1067375,1.0
1067503,1.0
1067589,1.0
1067764,1.0
1069397,1.0
1069856,1.0
1071087,1.0
1072210,1.0
1072993,1.0
1073558,1.0
1073836,1.0
1074313,1.0
1075092,1.0
1075818,1.0
1076271,1.0
1078148,1.0
1078289,1.0
1078743,1.0
1078870,1.0
1079194,1.0
1079556,1.0
1079921,1.0
1080166,1.0
1080357,1.0
1080426,1.0
1081268,1.0
1082126,1.0
1082232,1.0
1082573,1.0
1082577,1.0
1082763,1.0
1083166,1.0
1083269,1.0
1084082,1.0
1085445,1.0
1085855,1.0
1086039,1.0
1086242,1.0
1086306,1.0
1087569,1.0
1087636,1.0
1088129,1.0
1088157,1.0
1089183,1.0
1089484,1.0
1089778,1.0
1090395,1.0
1090632,1.0
1091517,1.0
1091776,1.0
1091870,1.0
1092550,1.0
1092753,1.0
1094177,1.0
1095173,1.0
1095184,1.0
1096356,1.0
1096435,1.0
1097449,1.0
1098882,1.0
1099554,1.0
1099617,1.0
1099744,1.0
1100112,1.0
1102216,1.0
1102393,1.0
1102537,1.0
1103221,1.0
1103588,1.0
1103643,1.0
1103759,1.0
1104053,1.0
1104584,1.0
1105354,1.0
1105864,1.0
1106250,1.0
1106607,1.0
1106640,1.0
1107730,1.0
1107734,1.0
1107771,1.0
1108594,1.0
1108715,1.0
1108918,1.0
1109167,1.0
1109306,1.0
1111172,1.0
1111738,1.0
1112342,1.0
1112455,1.0
1112637,1.0
1113704,1.0
1114385,1.0
1114460,1.0
1114829,1.0
1114866,1.0
1115460,1.0
1115513,1.0
1115613,1.0
1116646,1.0
1117036,1.0
1117115,1.0
1117683,1.0
1117848,1.0
1117926,1.0
1117929,1.0
1118379,1.0
1119481,1.0
1119697,1.0
1120977,1.0
1120991,1.0
1121388,1.0
1121612,1.0
1121872,1.0
1122163,1.0
1122639,1.0
1123610,1.0
1124266,1.0
1125606,1.0
1125832,1.0
1126503,1.0
1127580,1.0
1127588,1.0
1127705,1.0
1128443,1.0
1128788,1.0
1129863,1.0
1129916,1.0
1130119,1.0
1130380,1.0
1130539,1.0
1130911,1.0
1131276,1.0
1132063,1.0
1132612,1.0
1132863,1.0
1134061,1.0
1135931,1.0
1136609,1.0
1137734,1.0
1137887,1.0
1138002,1.0
1138840,1.0
1140002,1.0
1140423,1.0
1140927,1.0
1142467,1.0
1142821,1.0
1142874,1.0
1142916,1.0
1143173,1.0
1143358,1.0
1143755,1.0
1144080,1.0
1144426,1.0
1144924,1.0
1145236,1.0
1145441,1.0
1145545,1.0
1146328,1.0
1146630,1.0
1147200,1.0
1147701,1.0
1148320,1.0
1148678,1.0
1148854,1.0
1149040,1.0
1149175,1.0
1149250,1.0
1149515,1.0
1149616,1.0
1149671,1.0
1149694,1.0
1149766,1.0
1150222,1.0
1150401,1.0
1151097,1.0
1151304,1.0
1152043,1.0
1152253,1.0
1152628,1.0
1152951,1.0
1153548,1.0
1153586,1.0
1153848,1.0
1154688,1.0
1154768,1.0
1154950,1.0
1155583,1.0
1156775,1.0
1157707,1.0
1157875,1.0
1159439,1.0
1159855,1.0
1159945,1.0
1160253,1.0
1160288,1.0
1160645,1.0
1160778,1.0
1161488,1.0
1161505,1.0
1161754,1.0
1162799,1.0
1162910,1.0
1163245,1.0
1163353,1.0
1163991,1.0
1164664,1.0
1165308,1.0
1165330,1.0
1165406,1.0
1165878,1.0
1166278,1.0
1166356,1.0
1167503,1.0
1167669,1.0
1167760,1.0
1167909,1.0
1168133,1.0
1169282,1.0
1169568,1.0
1169736,1.0
1170256,1.0
1170408,1.0
1170750,1.0
1170851,1.0
1171635,1.0
1171792,1.0
1172503,1.0
1173630,1.0
1173826,1.0
1174434,1.0
1174712,1.0
1175051,1.0
1175324,1.0
1175375,1.0
1175840,1.0
1175922,1.0
1176009,1.0
1176053,1.0
1176293,1.0
1177070,1.0
1177309,1.0
1177687,1.0
1178573,1.0
1179548,1.0
1180014,1.0
1180625,1.0
1180729,1.0
1180764,1.0
1181177,1.0
1181260,1.0
1181329,1.0
1182479,1.0
1184252,1.0
1184455,1.0
1184973,1.0
1185729,1.0
1185790,1.0
1186248,1.0
1186316,1.0
1186382,1.0
1187172,1.0
1187339,1.0
1187573,1.0
1187758,1.0
1187810,1.0
1189012,1.0
1189873,1.0
1190174,1.0
1191921,1.0
1192641,1.0
1192863,1.0
1193006,1.0
1194322,1.0
1195191,1.0
1195950,1.0
1196324,1.0
1196325,1.0
1196820,1.0
1196980,1.0
1197414,1.0
1197518,1.0
1199493,1.0
1199520,1.0
1199821,1.0
1200871,1.0
1200880,1.0
1202321,1.0
1202375,1.0
1202482,1.0
1202773,1.0
1202993,1.0
1203124,1.0
1203738,1.0
1204039,1.0
1204253,1.0
1205444,1.0
1206136,1.0
1206715,1.0
1206749,1.0
1207716,1.0
1208094,1.0
1208108,1.0
1208739,1.0
1209140,1.0
1209374,1.0
1210333,1.0
1210459,1.0
1210782,1.0
1210815,1.0
1210864,1.0
1211443,1.0
1212876,1.0
1213042,1.0
1213383,1.0
1213644,1.0
1214556,1.0
1215034,1.0
1215056,1.0
1215194,1.0
1215491,1.0
1216981,1.0
1217587,1.0
1219000,1.0
1219502,1.0
1220294,1.0
1220344,1.0
1220404,1.0
1220573,1.0
1221381,1.0
1222557,1.0
1223412,1.0
1223586,1.0
1223605,1.0
1224124,1.0
1224491,1.0
1224596,1.0
1225209,1.0
1225685,1.0
1225705,1.0
1225880,1.0
1226677,1.0
1227202,1.0
1227840,1.0
1227905,1.0
1228090,1.0
1229101,1.0
1229342,1.0
1229739,1.0
1231085,1.0
1231821,1.0
1232198,1.0
1232271,1.0
1232763,1.0
1233031,1.0
1233792,1.0
1234369,1.0
1234560,1.0
1235104,1.0
1235782,1.0
1236319,1.0
1237273,1.0
1237767,1.0
1237779,1.0
1237950,1.0
1238027,1.0
1238417,1.0
1238999,1.0
1239209,1.0
1239654,1.0
1239681,1.0
1241090,1.0
1241602,1.0
1241686,1.0
1243155,1.0
1244040,1.0
1244313,1.0
1245955,1.0
1246042,1.0
1246438,1.0
1248403,1.0
1248491,1.0
1248527,1.0
1249398,1.0
1249920,1.0
1250311,1.0
1251567,1.0
1252555,1.0
1253106,1.0
1253858,1.0
1253864,1.0
1253943,1.0
1254037,1.0
1255081,1.0
1255535,1.0
1255615,1.0
1255689,1.0
1257902,1.0
1258308,1.0
1258483,1.0
1259507,1.0
1260193,1.0
1261445,1.0
1261925,1.0
1262251,1.0
1262414,1.0
1262628,1.0
1262640,1.0
1262799,1.0
1262925,1.0
1263111,1.0
1263534,1.0
1263611,1.0
1264557,1.0
1266773,1.0
1266939,1.0
1267760,1.0
1267784,1.0
1268041,1.0
1269185,1.0
1270018,1.0
1271184,1.0
1271218,1.0
1271601,1.0
1271707,1.0
1272123,1.0
1272625,1.0
1273899,1.0
1274544,1.0
1275364,1.0
1275568,1.0
1275988,1.0
1278628,1.0
1279936,1.0
1280116,1.0
1280855,1.0
1281567,1.0
1281919,1.0
1282279,1.0
1282289,1.0
1282353,1.0
1282465,1.0
1283406,1.0
1283980,1.0
1284074,1.0
1284678,1.0
1284925,1.0
1285051,1.0
1285446,1.0
1286086,1.0
1286638,1.0
1286737,1.0
1286949,1.0
1287100,1.0
1287282,1.0
1287446,1.0
1287499,1.0
1287796,1.0
1288582,1.0
1289234,1.0
1289549,1.0
1289725,1.0
1289820,1.0
1289908,1.0
1289975,1.0
1290013,1.0
1290928,1.0
1291168,1.0
1291379,1.0
1291595,1.0
1291986,1.0
1292449,1.0
1292570,1.0
1292981,1.0
1293268,1.0
1293328,1.0
1293848,1.0
1294795,1.0
1295334,1.0
1295731,1.0
1295746,1.0
1296041,1.0
1296191,1.0
1296251,1.0
1296480,1.0
1296526,1.0
1297291,1.0
1297884,1.0
1298358,1.0
1299062,1.0
1299453,1.0
1299584,1.0
1300158,1.0
1300901,1.0
1301074,1.0
1301698,1.0
1301749,1.0
1302221,1.0
1303956,1.0
1304187,1.0
1304216,1.0
1304737,1.0
1305692,1.0
1306561,1.0
1308585,1.0
1309804,1.0
1309972,1.0
1310097,1.0
1310161,1.0
1310182,1.0
1310815,1.0
1311546,1.0
1312021,1.0
1313090,1.0
1313566,1.0
1314635,1.0
1314690,1.0
1314850,1.0
1315108,1.0
1315216,1.0
1315623,1.0
1316833,1.0
1317039,1.0
1317145,1.0
1317449,1.0
1318169,1.0
1318261,1.0
1319033,1.0
1319338,1.0
1319538,1.0
1319956,1.0
1321595,1.0
1322158,1.0
1323046,1.0
1323064,1.0
1323251,1.0
1324555,1.0
1325233,1.0
1326417,1.0
1326516,1.0
1326730,1.0
1327067,1.0
1327553,1.0
1327585,1.0
1327616,1.0
1328483,1.0
1328746,1.0
1329111,1.0
1329391,1.0
1329424,1.0
1331248,1.0
1331565,1.0
1331648,1.0
1333325,1.0
1333485,1.0
1333619,1.0
1333907,1.0
1334178,1.0
1334435,1.0
1335139,1.0
1335319,1.0
1335643,1.0
1336038,1.0
1336064,1.0
1336256,1.0
1336366,1.0
1336758,1.0
1337104,1.0
1337304,1.0
1337644,1.0
1339142,1.0
1339189,1.0
1340709,1.0
1340837,1.0
1341131,1.0
1343149,1.0
1343225,1.0
1343671,1.0
1344463,1.0
1344687,1.0
1345271,1.0
1347680,1.0
1348229,1.0
1348898,1.0
1349218,1.0
1349931,1.0
1350132,1.0
1350910,1.0
1350913,1.0
1351555,1.0
1352421,1.0
1352737,1.0
1352923,1.0
1353307,1.0
1353935,1.0
1353997,1.0
1354009,1.0
1354556,1.0
1355585,1.0
1356178,1.0
1356947,1.0
1357854,1.0
1357961,1.0
1358544,1.0
1359719,1.0
1360013,1.0
1360112,1.0
1360280,1.0
1360302,1.0
1361176,1.0
1361187,1.0
1361235,1.0
1361431,1.0
1362548,1.0
1362755,1.0
1362861,1.0
1363153,1.0
1363636,1.0
1364657,1.0
1364988,1.0
1365626,1.0
1365872,1.0
1366431,1.0
1366456,1.0
1367626,1.0
1367807,1.0
1370867,1.0
1371261,1.0
1371338,1.0
1371424,1.0
1371494,1.0
1371591,1.0
1371608,1.0
1371762,1.0
1372932,1.0
1373915,1.0
1374054,1.0
1374885,1.0
1375073,1.0
1375277,1.0
1375373,1.0
1375498,1.0
1375591,1.0
1376366,1.0
1376514,1.0
1376518,1.0
1376627,1.0
1376685,1.0
1376831,1.0
1376844,1.0
1376999,1.0
1377701,1.0
1377891,1.0
1378487,1.0
1378626,1.0
1378656,1.0
1378711,1.0
1379988,1.0
1380357,1.0
1380490,1.0
1381068,1.0
1381454,1.0
1381807,1.0
1383967,1.0
1384363,1.0
1384657,1.0
1384791,1.0
1385115,1.0
1385575,1.0
1385715,1.0
1386127,1.0
1386134,1.0
1386154,1.0
1386236,1.0
1386643,1.0
1387072,1.0
1387251,1.0
1388235,1.0
1388529,1.0
1388647,1.0
1388844,1.0
1388879,1.0
1389113,1.0
1390787,1.0
1390790,1.0
1392493,1.0
1392865,1.0
1392977,1.0
1393130,1.0
1393274,1.0
1393881,1.0
1394094,1.0
1394298,1.0
1394350,1.0
1394441,1.0
1394524,1.0
1394853,1.0
1395354,1.0
1396183,1.0
1396723,1.0
1397168,1.0
1397407,1.0
1398768,1.0
1398896,1.0
1399143,1.0
1399157,1.0
1399192,1.0
1399291,1.0
1399874,1.0
1400134,1.0
1400179,1.0
1400525,1.0
1402511,1.0
1403110,1.0
1403383,1.0
1403979,1.0
1404263,1.0
1404406,1.0
1404824,1.0
1404936,1.0
1405258,1.0
1405598,1.0
1405854,1.0
1405992,1.0
1406093,1.0
1406484,1.0
1406958,1.0
1407375,1.0
1407707,1.0
1409343,1.0
1409667,1.0
1409785,1.0
1410005,1.0
1410785,1.0
1411088,1.0
1411750,1.0
1411968,1.0
1412275,1.0
1412558,1.0
1413668,1.0
1414062,1.0
1414369,1.0
1414762,1.0
1414916,1.0
1414956,1.0
1415253,1.0
1415478,1.0
1416185,1.0
1416413,1.0
1416772,1.0
1417840,1.0
1418125,1.0
1418470,1.0
1418506,1.0
1419687,1.0
1420273,1.0
1421738,1.0
1421814,1.0
1421853,1.0
1422699,1.0
1422703,1.0
1423167,1.0
1423549,1.0
1424170,1.0
1424259,1.0
1424611,1.0
1425111,1.0
1425252,1.0
1425592,1.0
1425666,1.0
1428103,1.0
1429605,1.0
1430518,1.0
1430632,1.0
1432091,1.0
1432593,1.0
1433861,1.0
1434229,1.0
1434852,1.0
1434887,1.0
1434931,1.0
1435372,1.0
1435525,1.0
1436696,1.0
1436805,1.0
1437122,1.0
1437200,1.0
1437806,1.0
1437831,1.0
1437945,1.0
1438274,1.0
1438974,1.0
1439244,1.0
1439254,1.0
1439365,1.0
1440026,1.0
1440166,1.0
1440223,1.0
1440290,1.0
1440295,1.0
1440322,1.0
1440518,1.0
1440570,1.0
1440673,1.0
1441017,1.0
1441239,1.0
1441390,1.0
1441935,1.0
1443438,1.0
1443977,1.0
1445045,1.0
1445049,1.0
1445449,1.0
1445593,1.0
1446641,1.0
1447673,1.0
1447757,1.0
1448282,1.0
1448572,1.0
1449380,1.0
1450067,1.0
1450142,1.0
1450791,1.0
1450976,1.0
1451306,1.0
1453635,1.0
1453963,1.0
1454269,1.0
1454270,1.0
1454801,1.0
1454849,1.0
1454888,1.0
1455333,1.0
1455375,1.0
1455521,1.0
1455714,1.0
1455744,1.0
1457548,1.0
1457832,1.0
1458642,1.0
1458881,1.0
1460485,1.0
1461242,1.0
1462130,1.0
1462162,1.0
1462467,1.0
1462885,1.0
1463487,1.0
1463699,1.0
1464067,1.0
1465227,1.0
1465690,1.0
1466167,1.0
1466904,1.0
1467829,1.0
1467927,1.0
1468000,1.0
1468476,1.0
1469158,1.0
1470435,1.0
1470669,1.0
1472426,1.0
1472685,1.0
1472756,1.0
1472831,1.0
1472841,1.0
1472888,1.0
1473097,1.0
1473234,1.0
1473351,1.0
1474012,1.0
1474618,1.0
1475424,1.0
1476005,1.0
1476461,1.0
1477220,1.0
1477289,1.0
1478460,1.0
1478512,1.0
1478529,1.0
1479140,1.0
1479372,1.0
1479826,1.0
1480005,1.0
1481462,1.0
1481489,1.0
1481643,1.0
1482206,1.0
1482698,1.0
1483235,1.0
1483680,1.0
1484094,1.0
1484881,1.0
1485669,1.0
1485727,1.0
1486088,1.0
1486155,1.0
1487736,1.0
1488024,1.0
1489590,1.0
1489630,1.0
1490105,1.0
1490325,1.0
1491191,1.0
1491218,1.0
1491348,1.0
1491908,1.0
1492164,1.0
1492813,1.0
1492981,1.0
1493177,1.0
1493787,1.0
1494512,1.0
1494566,1.0
1495180,1.0
1495477,1.0
1495596,1.0
1495832,1.0
1496679,1.0
1496832,1.0
1496858,1.0
1497017,1.0
1497489,1.0
1497791,1.0
1498211,1.0
1499099,1.0
1499335,1.0
1499643,1.0
1500191,1.0
1500412,1.0
1500547,1.0
1501537,1.0
1501959,1.0
1501973,1.0
1502285,1.0
1503126,1.0
1503469,1.0
1503492,1.0
1503514,1.0
1503895,1.0
1504551,1.0
1504818,1.0
1504924,1.0
1505176,1.0
1505880,1.0
1507623,1.0
1507710,1.0
1508192,1.0
1508248,1.0
1509339,1.0
1509823,1.0
1510082,1.0
1510614,1.0
1510778,1.0
1511244,1.0
1512232,1.0
1512782,1.0
1513078,1.0
1513577,1.0
1514760,1.0
1515253,1.0
1515282,1.0
1515497,1.0
1515604,1.0
1515970,1.0
1516511,1.0
1516571,1.0
1516748,1.0
1517002,1.0
1517067,1.0
1517133,1.0
1517876,1.0
1518242,1.0
1518686,1.0
1519124,1.0
1520135,1.0
1520602,1.0
1521013,1.0
1522136,1.0
1522484,1.0
1522880,1.0
1523286,1.0
1523374,1.0
1523715,1.0
1524354,1.0
1524390,1.0
1524625,1.0
1524838,1.0
1524901,1.0
1525200,1.0
1525330,1.0
1525538,1.0
1525729,1.0
1525822,1.0
1525874,1.0
1525968,1.0
1526300,1.0
1528386,1.0
1529621,1.0
1531875,1.0
1533740,1.0
1534735,1.0
1534761,1.0
1535521,1.0
1535879,1.0
1536252,1.0
1536494,1.0
1536524,1.0
1536527,1.0
1536821,1.0
1536877,1.0
1537065,1.0
1537167,1.0
1537842,1.0
1537950,1.0
1537982,1.0
1538272,1.0
1538508,1.0
1539340,1.0
1539772,1.0
1540143,1.0
1541212,1.0
1541436,1.0
1541526,1.0
1543221,1.0
1543722,1.0
1544316,1.0
1544346,1.0
1544628,1.0
1545005,1.0
1545632,1.0
1545731,1.0
1547470,1.0
1548446,1.0
1549509,1.0
1550887,1.0
1551247,1.0
1551571,1.0
1551928,1.0
1551932,1.0
1552495,1.0
1552594,1.0
1552707,1.0
1552745,1.0
1552999,1.0
1553076,1.0
1553563,1.0
1553727,1.0
1554107,1.0
1554642,1.0
1554993,1.0
1555162,1.0
1555343,1.0
1555726,1.0
1555962,1.0
1556198,1.0
1556662,1.0
1557006,1.0
1557325,1.0
1557408,1.0
1558108,1.0
1558117,1.0
1559725,1.0
1560462,1.0
1561367,1.0
1561918,1.0
1562364,1.0
1562501,1.0
1562534,1.0
1562776,1.0
1563006,1.0
1563530,1.0
1563546,1.0
1564263,1.0
1564780,1.0
1565020,1.0
1565030,1.0
1565276,1.0
1566601,1.0
1566781,1.0
1567574,1.0
1568997,1.0
1569006,1.0
1570615,1.0
1570678,1.0
1571116,1.0
1571711,1.0
1572091,1.0
1572458,1.0
1573053,1.0
1574048,1.0
1574347,1.0
1574765,1.0
1574934,1.0
1575326,1.0
1576587,1.0
1576689,1.0
1576943,1.0
1578471,1.0
1579636,1.0
1579709,1.0
1579717,1.0
1579955,1.0
1580762,1.0
1580887,1.0
1581033,1.0
1581336,1.0
1581665,1.0
1582045,1.0
1582254,1.0
1582776,1.0
1584152,1.0
1586206,1.0
1587419,1.0
1587685,1.0
1587809,1.0
1587896,1.0
1588162,1.0
1588330,1.0
1588530,1.0
1589738,1.0
1590110,1.0
1590165,1.0
1590265,1.0
1590949,1.0
1591029,1.0
1591531,1.0
1591826,1.0
1592093,1.0
1593082,1.0
1593377,1.0
1593471,1.0
1593610,1.0
1593817,1.0
1593998,1.0
1594379,1.0
1594661,1.0
1595808,1.0
1596390,1.0
1598054,1.0
1598082,1.0
1598160,1.0
1598883,1.0
1599127,1.0
1599606,1.0
1599965,1.0
1600443,1.0
1601044,1.0
1602731,1.0
1603426,1.0
1603514,1.0
1604098,1.0
1604661,1.0
1605225,1.0
1605334,1.0
1605572,1.0
1605591,1.0
1605768,1.0
1606008,1.0
1606679,1.0
1608053,1.0
1608635,1.0
1608714,1.0
1608885,1.0
1609249,1.0
1609435,1.0
1610133,1.0
1610646,1.0
1611482,1.0
1611689,1.0
1611774,1.0
1611801,1.0
1612518,1.0
1613314,1.0
1613489,1.0
1613618,1.0
1614278,1.0
1614286,1.0
1615282,1.0
1615448,1.0
1616747,1.0
1617320,1.0
1617683,1.0
1617979,1.0
1618050,1.0
1618325,1.0
1619292,1.0
1619362,1.0
1620477,1.0
1620967,1.0
1621007,1.0
1621606,1.0
1621891,1.0
1621944,1.0
1622177,1.0
1623979,1.0
1624335,1.0
1624585,1.0
1624618,1.0
1625089,1.0
1625224,1.0
1625972,1.0
1625993,1.0
1626477,1.0
1626760,1.0
1627590,1.0
1627915,1.0
1628203,1.0
1628538,1.0
1629144,1.0
1629432,1.0
1629584,1.0
1630686,1.0
1631135,1.0
1631154,1.0
1631477,1.0
1631525,1.0
1631541,1.0
1631592,1.0
1632097,1.0
1632147,1.0
1632412,1.0
1632473,1.0
1632575,1.0
1632986,1.0
1633466,1.0
1633796,1.0
1633935,1.0
1634460,1.0
1634714,1.0
1634729,1.0
1635428,1.0
1635618,1.0
1636427,1.0
1636433,1.0
1636614,1.0
1637006,1.0
1637235,1.0
1637713,1.0
1638950,1.0
1639057,1.0
1640799,1.0
1641303,1.0
1641540,1.0
1642010,1.0
1642049,1.0
1642489,1.0
1642532,1.0
1642758,1.0
1642819,1.0
1642886,1.0
1643316,1.0
1643565,1.0
1643761,1.0
1643941,1.0
1644170,1.0
1644445,1.0
1644451,1.0
1644543,1.0
1645042,1.0
1645298,1.0
1645817,1.0
1646485,1.0
1647117,1.0
1647493,1.0
1647696,1.0
1648888,1.0
1648992,1.0
1649231,1.0
1649782,1.0
1649890,1.0
1650476,1.0
1650602,1.0
1651603,1.0
1652283,1.0
1653081,1.0
1653121,1.0
1654272,1.0
1654948,1.0
1655899,1.0
1656299,1.0
1656798,1.0
1657037,1.0
1657119,1.0
1657257,1.0
1657642,1.0
1657767,1.0
1657846,1.0
1658365,1.0
1658478,1.0
1658517,1.0
1658598,1.0
1659669,1.0
1660493,1.0
1660867,1.0
1660955,1.0
1661002,1.0
1662105,1.0
1662186,1.0
1662432,1.0
1663390,1.0
1663487,1.0
1663493,1.0
1663681,1.0
1664690,1.0
1665032,1.0
1665678,1.0
1665725,1.0
1666661,1.0
1667058,1.0
1667775,1.0
1668452,1.0
1669103,1.0
1669552,1.0
1669924,1.0
1670245,1.0
1670246,1.0
1671551,1.0
1671981,1.0
1672609,1.0
1673635,1.0
1674425,1.0
1675026,1.0
1675276,1.0
1675420,1.0
1676417,1.0
1676816,1.0
1676833,1.0
1676884,1.0
1677738,1.0
1677956,1.0
1678930,1.0
1679001,1.0
1679234,1.0
1679418,1.0
1680059,1.0
1680070,1.0
1680848,1.0
1681585,1.0
1682068,1.0
1683087,1.0
1683483,1.0
1683978,1.0
1684668,1.0
1685506,1.0
1686699,1.0
1687023,1.0
1687052,1.0
1687315,1.0
1687419,1.0
1687492,1.0
1688431,1.0
1689544,1.0
1689678,1.0
1689687,1.0
1690739,1.0
1691280,1.0
1691705,1.0
1691851,1.0
1691986,1.0
1692402,1.0
1692908,1.0
1693072,1.0
1693983,1.0
1694025,1.0
1694102,1.0
1694442,1.0
1696322,1.0
1696519,1.0
1697865,1.0
1697879,1.0
1697961,1.0
1698049,1.0
1698213,1.0
1698693,1.0
1698710,1.0
1698770,1.0
1698771,1.0
1698923,1.0
1699210,1.0
1699547,1.0
1699603,1.0
1700620,1.0
1701764,1.0
1702270,1.0
1702502,1.0
1702921,1.0
1704684,1.0
1705426,1.0
1705647,1.0
1706082,1.0
1706411,1.0
1707564,1.0
1707686,1.0
1708154,1.0
1708631,1.0
1708975,1.0
1709214,1.0
1709682,1.0
1711819,1.0
1711986,1.0
1712063,1.0
1712461,1.0
1713273,1.0
1713554,1.0
1714550,1.0
1715260,1.0
1715528,1.0
1715558,1.0
1715657,1.0
1716231,1.0
1717751,1.0
1719031,1.0
1719892,1.0
1719978,1.0
1721315,1.0
1721663,1.0
1721885,1.0
1721944,1.0
1722368,1.0
1722620,1.0
1722627,1.0
1722749,1.0
1723123,1.0
1724277,1.0
1724393,1.0
1724578,1.0
1725327,1.0
1725451,1.0
1725815,1.0
1726051,1.0
1726312,1.0
1726619,1.0
1726644,1.0
1726786,1.0
1726931,1.0
1727023,1.0
1727243,1.0
1727399,1.0
1727548,1.0
1728682,1.0
1729106,1.0
1729433,1.0
1729438,1.0
1729641,1.0
1730018,1.0
1730349,1.0
1732226,1.0
1732511,1.0
1732762,1.0
1733167,1.0
1734143,1.0
1734522,1.0
1734827,1.0
1735071,1.0
1735195,1.0
1735340,1.0
1736166,1.0
1737102,1.0
1737204,1.0
1737743,1.0
1737930,1.0
1741248,1.0
1741517,1.0
1741655,1.0
1742072,1.0
1742100,1.0
1742281,1.0
1742655,1.0
1743259,1.0
1743448,1.0
1743480,1.0
1744173,1.0
1744194,1.0
1744262,1.0
1745304,1.0
1745386,1.0
1746154,1.0
1746427,1.0
1746833,1.0
1747957,1.0
1748977,1.0
1749495,1.0
1749771,1.0
1750083,1.0
1750346,1.0
1752920,1.0
1753381,1.0
1753383,1.0
1753427,1.0
1753635,1.0
1754146,1.0
1754319,1.0
1754453,1.0
1755271,1.0
1756424,1.0
1756860,1.0
1757029,1.0
1757405,1.0
1757523,1.0
1757835,1.0
1758179,1.0
1758425,1.0
1758519,1.0
1759144,1.0
1759385,1.0
1760028,1.0
1760287,1.0
1761040,1.0
1762092,1.0
1762485,1.0
1762634,1.0
1762972,1.0
1763158,1.0
1763247,1.0
1763463,1.0
1763526,1.0
1763580,1.0
1763901,1.0
1764005,1.0
1765546,1.0
1766469,1.0
1766514,1.0
1766564,1.0
1766647,1.0
1766657,1.0
1766740,1.0
1766999,1.0
1767871,1.0
1768535,1.0
1768762,1.0
1768796,1.0
1769331,1.0
1769621,1.0
1770626,1.0
1771277,1.0
1771901,1.0
1771960,1.0
1772307,1.0
1772450,1.0
1772545,1.0
1772687,1.0
1774654,1.0
1775549,1.0
1775699,1.0
1775781,1.0
1776290,1.0
1776936,1.0
1776979,1.0
1777930,1.0
1778052,1.0
1778698,1.0
1778791,1.0
1779932,1.0
1780828,1.0
1780961,1.0
1781366,1.0
1781557,1.0
1781693,1.0
1782773,1.0
1782785,1.0
1783111,1.0
1783416,1.0
1783535,1.0
1783781,1.0
1783881,1.0
1785176,1.0
1786933,1.0
1787751,1.0
1788294,1.0
1788592,1.0
1789224,1.0
1790028,1.0
1790145,1.0
1790263,1.0
1790566,1.0
1790586,1.0
1790597,1.0
1790933,1.0
1791570,1.0
1791800,1.0
1792212,1.0
1792478,1.0
1792505,1.0
1792692,1.0
1792877,1.0
1792898,1.0
1794093,1.0
1794219,1.0
1794573,1.0
1794900,1.0
1796124,1.0
1796558,1.0
1796977,1.0
1797223,1.0
1797463,1.0
1798435,1.0
1798483,1.0
1799668,1.0
1799746,1.0
1799884,1.0
1800484,1.0
1800667,1.0
1800872,1.0
1800999,1.0
1801050,1.0
1801433,1.0
1801540,1.0
1801733,1.0
1802134,1.0
1802573,1.0
1803820,1.0
1804568,1.0
1806119,1.0
1806146,1.0
1806851,1.0
1807002,1.0
1807215,1.0
1807524,1.0
1807965,1.0
1808025,1.0
1808375,1.0
1808840,1.0
1809035,1.0
1809686,1.0
1809884,1.0
1810005,1.0
1810179,1.0
1810488,1.0
1811441,1.0
1811506,1.0
1812970,1.0
1813212,1.0
1813270,1.0
1813575,1.0
1813661,1.0
1814539,1.0
1814967,1.0
1815181,1.0
1815494,1.0
1815515,1.0
1815619,1.0
1816885,1.0
1817314,1.0
1817383,1.0
1817602,1.0
1818037,1.0
1818181,1.0
1818760,1.0
1819356,1.0
1819675,1.0
1820104,1.0
1820919,1.0
1821777,1.0
1822210,1.0
1822663,1.0
1822883,1.0
1823341,1.0
1823348,1.0
1823759,1.0
1823764,1.0
1824525,1.0
1824552,1.0
1824910,1.0
1825477,1.0
1825704,1.0
1825873,1.0
1826808,1.0
1827376,1.0
1828428,1.0
1829200,1.0
1829217,1.0
1829484,1.0
1830184,1.0
1831087,1.0
1831256,1.0
1831403,1.0
1832562,1.0
1832731,1.0
1833638,1.0
1833831,1.0
1833990,1.0
1834408,1.0
1834801,1.0
1835648,1.0
1836190,1.0
1836375,1.0
1836429,1.0
1836949,1.0
1837066,1.0
1837650,1.0
1837658,1.0
1837752,1.0
1838699,1.0
1838721,1.0
1838741,1.0
1838851,1.0
1838939,1.0
1839041,1.0
1840385,1.0
1840398,1.0
1841172,1.0
1841345,1.0
1841836,1.0
1843268,1.0
1843344,1.0
1844095,1.0
1844247,1.0
1844585,1.0
1844773,1.0
1845213,1.0
1845311,1.0
1845741,1.0
1845759,1.0
1846627,1.0
1848172,1.0
1849163,1.0
1849270,1.0
1850100,1.0
1850863,1.0
1851163,1.0
1851330,1.0
1851515,1.0
1851535,1.0
1851743,1.0
1853016,1.0
1853128,1.0
1853143,1.0
1853889,1.0
1854084,1.0
1854294,1.0
1854509,1.0
1854568,1.0
1854637,1.0
1854776,1.0
1855066,1.0
1855165,1.0
1855495,1.0
1855568,1.0
1855751,1.0
1856188,1.0
1856921,1.0
1857411,1.0
1857656,1.0
1858008,1.0
1859180,1.0
1859597,1.0
1859781,1.0
1860309,1.0
1860508,1.0
1860847,1.0
1861048,1.0
1861794,1.0
1862698,1.0
1863488,1.0
1863860,1.0
1864499,1.0
1865361,1.0
1865365,1.0
1866217,1.0
1866376,1.0
1866859,1.0
1867202,1.0
1867389,1.0
1867837,1.0
1868065,1.0
1868428,1.0
1869123,1.0
1869579,1.0
1869680,1.0
1869821,1.0
1869845,1.0
1870549,1.0
1870928,1.0
1871446,1.0
1871858,1.0
1872219,1.0
1872564,1.0
1872595,1.0
1873714,1.0
1874243,1.0
1874922,1.0
1875519,1.0
1875559,1.0
1875711,1.0
1875817,1.0
1877733,1.0
1878346,1.0
1878627,1.0
1878804,1.0
1878942,1.0
1879545,1.0
1880121,1.0
1880387,1.0
1880796,1.0
1881325,1.0
1881557,1.0
1881582,1.0
1883158,1.0
1883585,1.0
1884063,1.0
1884170,1.0
1884684,1.0
1885037,1.0
1885629,1.0
1885876,1.0
1886117,1.0
1886838,1.0
1887211,1.0
1887581,1.0
1887925,1.0
1888368,1.0
1888669,1.0
1889669,1.0
1889748,1.0
1890979,1.0
1891391,1.0
1892796,1.0
1893184,1.0
1893421,1.0
1894585,1.0
1894994,1.0
1895649,1.0
1895756,1.0
1896427,1.0
1896715,1.0
1896748,1.0
1897076,1.0
1897277,1.0
1897695,1.0
1897785,1.0
1898605,1.0
1899882,1.0
1900976,1.0
1901468,1.0
1901984,1.0
1902015,1.0
1902684,1.0
1903062,1.0
1903536,1.0
1904200,1.0
1905361,1.0
1905858,1.0
1907259,1.0
1907588,1.0
1907675,1.0
1908694,1.0
1909040,1.0
1909266,1.0
1910701,1.0
1911557,1.0
1911720,1.0
1911977,1.0
1912426,1.0
1912617,1.0
1912802,1.0
1913360,1.0
1914379,1.0
1915388,1.0
1915536,1.0
1916500,1.0
1917677,1.0
1918140,1.0
1918562,1.0
1918985,1.0
1919000,1.0
1919340,1.0
1919545,1.0
1919551,1.0
1919598,1.0
1919922,1.0
1920115,1.0
1920355,1.0
1921087,1.0
1921652,1.0
1922313,1.0
1922719,1.0
1924616,1.0
1925503,1.0
1925512,1.0
1925772,1.0
1925821,1.0
1926222,1.0
1926241,1.0
1926336,1.0
1927171,1.0
1927243,1.0
1927996,1.0
1928170,1.0
1928361,1.0
1928718,1.0
1929921,1.0
1930238,1.0
1930532,1.0
1931434,1.0
1931756,1.0
1932310,1.0
1932568,1.0
1932649,1.0
1932823,1.0
1932845,1.0
1933109,1.0
1933214,1.0
1933369,1.0
1933992,1.0
1934340,1.0
1934974,1.0
1935260,1.0
1935503,1.0
1935528,1.0
1935935,1.0
1935969,1.0
1936350,1.0
1936953,1.0
1937411,1.0
1937773,1.0
1937954,1.0
1939512,1.0
1939575,1.0
1941170,1.0
1941421,1.0
1941729,1.0
1942257,1.0
1942598,1.0
1942986,1.0
1943842,1.0
1944415,1.0
1944682,1.0
1944878,1.0
1945030,1.0
1945646,1.0
1946225,1.0
1946623,1.0
1947139,1.0
1947506,1.0
1947582,1.0
1947768,1.0
1949898,1.0
1950223,1.0
1950992,1.0
1951216,1.0
1951276,1.0
1951715,1.0
1952213,1.0
1953500,1.0
1955041,1.0
1955978,1.0
1958147,1.0
1959485,1.0
1961104,1.0
1961217,1.0
1961655,1.0
1961929,1.0
1962138,1.0
1962473,1.0
1962475,1.0
1963075,1.0
1964885,1.0
1965489,1.0
1965773,1.0
1965868,1.0
1966914,1.0
1967320,1.0
1967946,1.0
1968235,1.0
1968556,1.0
1968963,1.0
1969202,1.0
1969737,1.0
1969991,1.0
1970295,1.0
1970495,1.0
1970519,1.0
1970654,1.0
1971054,1.0
1971439,1.0
1971568,1.0
1971706,1.0
1972297,1.0
1973288,1.0
1973403,1.0
1973427,1.0
1974011,1.0
1974130,1.0
1974345,1.0
1974402,1.0
1975756,1.0
1976337,1.0
1976840,1.0
1977173,1.0
1978696,1.0
1980087,1.0
1981396,1.0
1981527,1.0
1982407,1.0
1982557,1.0
1982713,1.0
1983630,1.0
1983801,1.0
1983880,1.0
1983931,1.0
1983963,1.0
1984933,1.0
1985329,1.0
1986035,1.0
1986086,1.0
1986196,1.0
1986805,1.0
1986839,1.0
1987362,1.0
1987433,1.0
1987880,1.0
1988136,1.0
1988306,1.0
1988564,1.0
1989034,1.0
1989238,1.0
1990133,1.0
1990190,1.0
1990899,1.0
1991006,1.0
1991044,1.0
1991261,1.0
1992049,1.0
1993042,1.0
1993258,1.0
1993317,1.0
1993958,1.0
1995406,1.0
1995490,1.0
1995659,1.0
1996650,1.0
1996755,1.0
1996851,1.0
1996860,1.0
1997263,1.0
1998494,1.0
1998551,1.0
1998586,1.0
1998626,1.0
2000120,1.0
2000126,0.0
2000624,1.0
2000749,0.0
2000915,1.0
2001050,1.0
2001168,1.0
2001436,1.0
2001762,1.0
2002524,1.0
2003177,1.0
2003427,1.0
2003529,1.0
2003953,0.0
2003997,1.0
2004219,0.0
2004362,0.0
2005141,0.0
2005332,1.0
2005450,0.0
2005597,1.0
2006000,1.0
2006077,0.0
2006558,0.0
2007008,0.0
2007405,1.0
2007649,1.0
2007682,1.0
2008372,0.0
2008737,1.0
2009154,0.0
2009780,1.0
2010240,1.0
2010580,0.0
2011317,1.0
2011687,1.0
2011704,0.0
2011802,0.0
2012009,1.0
2012181,1.0
2012227,1.0
2012343,0.0
2012362,0.0
2012452,0.0
2012647,0.0
2012948,0.0
2013632,1.0
2013861,1.0
2014849,0.0
2014866,0.0
2015062,1.0
2015329,1.0
2015830,1.0
2016283,1.0
2016402,0.0
2016693,1.0
2016733,1.0
2016763,0.0
2016901,0.0
2017076,1.0
2017229,1.0
2017544,0.0
2018133,1.0
2018203,1.0
2018462,1.0
2018792,0.0
2019164,1.0
2019475,1.0
2020039,1.0
2020231,0.0
2020252,0.0
2020469,0.0
2021032,1.0
2021325,0.0
2022320,1.0
2022605,1.0
2022945,1.0
2023167,0.0
2023169,0.0
2023585,0.0
2023684,1.0
2023783,0.0
2024078,1.0
2024242,1.0
2024783,0.0
2025689,1.0
2025844,0.0
2026458,1.0
2026754,1.0
2027216,1.0
2027611,0.0
2027726,0.0
2027773,0.0
2027787,0.0
2027970,0.0
2028118,0.0
2028451,0.0
2028554,0.0
2028848,1.0
2029919,1.0
2030218,1.0
2030301,1.0
2030515,0.0
2031112,1.0
2031142,0.0
2031359,1.0
2031430,0.0
2031514,0.0
2032203,1.0
2033026,0.0
2033141,1.0
2033193,1.0
2034039,0.0
2034192,1.0
2034365,1.0
2034863,1.0
2035011,0.0
2036794,1.0
2036847,0.0
2036931,1.0
2037259,0.0
2037342,1.0
2037784,1.0
2038030,0.0
2038540,1.0
2038654,0.0
2039342,0.0
2039649,1.0
2039801,0.0
2039853,1.0
2040291,1.0
2040499,0.0
2040648,0.0
2040831,1.0
2041227,1.0
2041873,0.0
2041944,1.0
2042046,1.0
2042250,1.0
2042312,0.0
2042637,0.0
2042934,1.0
2043013,0.0
2043427,1.0
2043527,1.0
2043579,1.0
2043847,1.0
2044191,1.0
2044216,0.0
2044361,0.0
2045185,0.0
2045327,1.0
2045697,1.0
2045780,0.0
2045912,0.0
2046198,0.0
2046205,0.0
2046385,0.0
2046464,0.0
2046597,1.0
2046611,0.0
2046777,1.0
2046899,1.0
2046988,0.0
2047135,0.0
2047548,0.0
2047723,0.0
2047834,1.0
2048031,1.0
2048105,1.0
2048222,1.0
2048339,1.0
2048952,0.0
2048989,1.0
2048993,1.0
2049981,0.0
2050320,0.0
2050642,0.0
2050905,0.0
2051292,1.0
2051344,1.0
2051387,1.0
2051511,0.0
2051637,0.0
2051639,0.0
2051659,1.0
2051684,1.0
2052043,0.0
2052607,1.0
2052655,0.0
2052725,1.0
2053062,0.0
2053286,1.0
2053390,0.0
2053588,1.0
2053611,1.0
2054195,0.0
2054479,0.0
2054955,1.0
2055482,1.0
2055976,1.0
2055978,0.0
2056074,1.0
2056076,0.0
2056401,1.0
2056411,1.0
2057123,1.0
2057538,1.0
2058556,1.0
2058685,0.0
2058732,1.0
2059350,0.0
2059908,1.0
2060559,1.0
2061008,1.0
2062347,1.0
2062487,1.0
2062548,0.0
2062631,1.0
2062672,0.0
2062868,0.0
2063825,1.0
2063976,1.0
2064300,0.0
2064535,1.0
2064848,1.0
2065327,1.0
2065353,1.0
2065466,1.0
2065820,1.0
2066564,1.0
2066807,1.0
2067030,1.0
2067375,0.0
2067503,0.0
2067589,1.0
2067730,1.0
2067764,1.0
2069397,0.0
2069856,1.0
2070263,0.0
2070465,1.0
2071087,1.0
2072002,0.0
2072210,0.0
2072993,0.0
2073558,0.0
2073836,0.0
2074313,0.0
2075000,0.0
2075092,1.0
2075098,0.0
2075739,0.0
2075818,0.0
2075895,0.0
2076171,1.0
2076271,1.0
2076592,0.0
2076629,1.0
2077133,1.0
2078084,1.0
2078096,1.0
2078148,1.0
2078289,1.0
2078743,1.0
2078870,0.0
2079194,1.0
2079275,1.0
2079556,1.0
2079730,0.0
2079921,1.0
2080166,1.0
2080357,1.0
2080426,0.0
2081268,0.0
2081612,1.0
2081671,0.0
2082126,0.0
2082232,0.0
2082238,1.0
2082573,1.0
2082577,1.0
2082763,0.0
2083166,0.0
2083269,1.0
2084082,0.0
2084998,0.0
2085149,0.0
2085445,1.0
2085855,1.0
2085935,1.0
2086039,0.0
2086242,1.0
2086306,1.0
2087415,1.0
2087569,1.0
2087636,1.0
2088129,0.0
2088157,1.0
2088792,1.0
2089183,1.0
2089484,1.0
2089778,1.0
2090395,0.0
2090493,1.0
2090632,0.0
2090646,0.0
2091517,0.0
2091776,1.0
2091870,0.0
2092550,0.0
2092753,1.0
2093019,0.0
2094177,1.0
2094463,0.0
2095173,1.0
2095184,0.0
2095363,1.0
2095434,1.0
2096144,0.0
2096283,1.0
2096356,0.0
2096373,1.0
2096435,0.0
2096516,1.0
2097044,0.0
2097449,0.0
2097471,1.0
2098111,1.0
2098882,1.0
2099397,1.0
2099477,0.0
2099501,1.0
2099554,1.0
2099617,0.0
2099744,0.0
2100112,0.0
2100294,0.0
2100954,0.0
2102216,1.0
2102301,1.0
2102393,0.0
2102537,1.0
2103221,1.0
2103588,1.0
2103643,0.0
2103759,1.0
2104053,1.0
2104285,1.0
2104584,1.0
2104622,1.0
2105354,1.0
2105864,0.0
2106250,1.0
2106496,0.0
2106607,0.0
2106640,1.0
2107730,1.0
2107734,1.0
2107771,1.0
2108594,1.0
2108715,1.0
2108918,1.0
2108946,1.0
2109167,1.0
2109306,0.0
2111172,1.0
2111738,1.0
2112005,1.0
2112342,1.0
2112455,1.0
2112637,0.0
2113165,1.0
2113704,1.0
2114385,0.0
2114460,0.0
2114626,1.0
2114829,1.0
2114866,1.0
2115229,0.0
2115460,0.0
2115513,1.0
2115613,1.0
2116646,0.0
2116984,1.0
2117036,1.0
2117115,1.0
2117683,0.0
2117848,0.0
2117926,0.0
2117929,0.0
2118379,0.0
2118824,1.0
2119481,1.0
2119583,0.0
2119697,1.0
2119800,1.0
2119907,0.0
2120937,0.0
2120947,0.0
2120977,1.0
2120991,1.0
2121388,0.0
2121440,0.0
2121612,1.0
2121872,1.0
2122163,0.0
2122563,1.0
2122639,1.0
2123058,1.0
2123610,1.0
2123611,0.0
2124266,1.0
2124438,0.0
2124532,1.0
2125069,0.0
2125574,0.0
2125606,0.0
2125823,1.0
2125832,0.0
2125964,1.0
2126503,1.0
2127580,1.0
2127588,0.0
2127705,1.0
2128443,1.0
2128675,0.0
2128788,0.0
2129601,1.0
2129821,0.0
2129863,1.0
2129916,1.0
2129954,1.0
2130119,0.0
2130380,0.0
2130539,1.0
2130774,1.0
2130911,1.0
2131276,1.0
2132063,0.0
2132529,1.0
2132612,1.0
2132812,0.0
2132863,0.0
2133121,0.0
2134041,1.0
2134061,1.0
2134311,1.0
2135931,0.0
2135945,1.0
2136152,1.0
2136153,1.0
2136609,0.0
2136627,1.0
2136918,0.0
2137230,1.0
2137734,0.0
2137879,0.0
2137887,1.0
2138002,1.0
2138367,1.0
2138443,1.0
2138840,0.0
2139573,0.0
2140002,1.0
2140025,1.0
2140423,0.0
2140927,0.0
2141096,1.0
2141771,1.0
2142467,0.0
2142821,0.0
2142874,1.0
2142916,1.0
2143173,0.0
2143358,1.0
2143502,1.0
2143755,1.0
2144080,1.0
2144388,0.0
2144426,1.0
2144924,1.0
2145236,0.0
2145423,1.0
2145441,1.0
2145545,1.0
2145950,1.0
2146328,1.0
2146630,1.0
2147200,1.0
2147701,1.0
2148320,0.0
2148495,0.0
2148678,1.0
2148854,0.0
2149040,1.0
2149175,0.0
2149250,0.0
2149462,1.0
2149515,0.0
2149616,1.0
2149671,1.0
2149694,1.0
2149766,1.0
2150222,1.0
2150401,0.0
2150652,0.0
2151097,0.0
2151304,1.0
2152043,1.0
2152253,1.0
2152628,0.0
2152951,1.0
2153548,1.0
2153586,0.0
2153848,0.0
2154277,1.0
2154296,1.0
2154688,0.0
2154768,1.0
2154950,1.0
2154961,0.0
2154965,0.0
2155583,1.0
2156343,0.0
2156775,0.0
2157264,0.0
2157383,1.0
2157652,0.0
2157707,0.0
2157875,1.0
2158133,0.0
2158138,1.0
2158185,0.0
2159408,0.0
2159439,1.0
2159855,0.0
2159945,1.0
2160172,1.0
2160233,0.0
2160253,1.0
2160288,1.0
2160645,1.0
2160778,0.0
2161488,1.0
2161505,1.0
2161754,0.0
2162799,0.0
2162888,1.0
2162910,0.0
2163245,1.0
2163353,1.0
2163991,1.0
2164664,0.0
2165308,0.0
2165330,0.0
2165392,1.0
2165406,1.0
2165410,1.0
2165878,1.0
2166278,0.0
2166356,0.0
2166953,1.0
2167503,0.0
2167669,1.0
2167760,1.0
2167909,1.0
2168133,1.0
2169282,1.0
2169568,0.0
2169736,0.0
2169759,1.0
2170256,1.0
2170408,1.0
2170750,1.0
2170851,1.0
2171635,1.0
2171737,1.0
2171792,0.0
2172503,0.0
2173123,1.0
2173630,1.0
2173826,1.0
2174434,1.0
2174712,1.0
2174734,1.0
2175051,0.0
2175324,1.0
2175375,0.0
2175840,1.0
2175922,1.0
2176009,1.0
2176053,1.0
2176293,0.0
2176473,1.0
2177070,1.0
2177074,0.0
2177309,0.0
2177687,1.0
2178351,1.0
2178486,0.0
2178573,1.0
2179548,1.0
2180014,0.0
2180625,1.0
2180729,1.0
2180764,1.0
2181059,0.0
2181177,1.0
2181260,0.0
2181329,0.0
2182479,1.0
2182891,0.0
2183015,0.0
2184252,1.0
2184455,0.0
2184529,1.0
2184939,1.0
2184973,1.0
2185618,0.0
2185729,0.0
2185790,0.0
2186248,0.0
2186316,0.0
2186382,0.0
2187172,0.0
2187339,1.0
2187573,0.0
2187758,1.0
2187800,1.0
2187810,0.0
2188193,1.0
2188259,0.0
2189012,0.0
2189366,1.0
2189726,0.0
2189873,1.0
2190174,1.0
2191921,1.0
2192641,1.0
2192863,1.0
2193006,0.0
2194322,1.0
2195191,1.0
2195233,0.0
2195424,1.0
2195672,0.0
2195950,1.0
2196026,1.0
2196324,1.0
2196325,1.0
2196820,1.0
2196980,1.0
2197414,0.0
2197518,1.0
2199005,0.0
2199186,1.0
2199493,0.0
2199520,1.0
2199821,1.0
2200758,1.0
2200871,0.0
2200880,1.0
2201119,1.0
2201358,1.0
2201497,1.0
2202068,1.0
2202321,1.0
2202360,1.0
2202375,0.0
2202482,1.0
2202773,1.0
2202794,0.0
2202966,1.0
2202993,1.0
2203021,0.0
2203124,1.0
2203738,0.0
2203776,1.0
2204039,1.0
2204253,1.0
2205444,1.0
2206136,0.0
2206715,1.0
2206749,0.0
2206912,0.0
2207528,1.0
2207655,1.0
2207716,1.0
2207966,1.0
2208094,1.0
2208108,1.0
2208739,1.0
2209140,0.0
2209374,0.0
2210333,1.0
2210459,0.0
2210668,0.0
2210782,0.0
2210815,0.0
2210864,1.0
2211443,0.0
2212097,1.0
2212569,0.0
2212797,1.0
2212876,0.0
2213042,1.0
2213383,1.0
2213644,0.0
2214283,0.0
2214556,1.0
2214785,1.0
2214943,0.0
2215034,1.0
2215056,0.0
2215101,0.0
2215194,1.0
2215491,0.0
2215771,1.0
2216280,1.0
2216878,1.0
2216981,0.0
2217259,1.0
2217587,1.0
2217827,0.0
2217978,1.0
2218443,1.0
2219000,0.0
2219104,1.0
2219502,1.0
2219707,1.0
2220294,1.0
2220344,1.0
2220404,1.0
2220573,1.0
2221381,0.0
2222557,0.0
2223412,0.0
2223586,0.0
2223605,0.0
2224124,1.0
2224299,0.0
2224491,1.0
2224596,1.0
2225191,0.0
2225209,0.0
2225685,0.0
2225705,1.0
2225880,0.0
2226677,1.0
2226985,1.0
2227202,1.0
2227840,1.0
2227905,1.0
2228090,0.0
2229101,0.0
2229342,1.0
2229739,1.0
2229765,0.0
2231085,1.0
2231821,0.0
2231850,0.0
2232198,1.0
2232271,0.0
2232763,1.0
2232860,1.0
2232893,1.0
2233031,1.0
2233274,1.0
2233792,0.0
2234369,0.0
2234560,0.0
2235104,1.0
2235782,0.0
2236319,1.0
2237273,1.0
2237767,0.0
2237779,1.0
2237950,1.0
2238027,1.0
2238036,1.0
2238417,0.0
2238999,1.0
2239209,1.0
2239654,1.0
2239681,0.0
2241090,0.0
2241602,1.0
2241686,1.0
2243155,0.0
2243944,0.0
2244040,1.0
2244313,1.0
2244560,1.0
2245054,1.0
2245679,0.0
2245954,0.0
2245955,0.0
2246042,0.0
2246383,1.0
2246438,1.0
2247288,1.0
2248403,0.0
2248491,1.0
2248527,1.0
2249159,0.0
2249398,1.0
2249708,1.0
2249920,0.0
2250311,1.0
2250620,1.0
2251431,1.0
2251567,0.0
2252555,1.0
2253106,0.0
2253858,0.0
2253864,0.0
2253943,1.0
2254032,0.0
2254037,1.0
2254929,0.0
2255081,0.0
2255085,1.0
2255459,1.0
2255535,1.0
2255615,0.0
2255689,1.0
2257437,1.0
2257562,1.0
2257902,1.0
2258209,1.0
2258308,1.0
2258400,0.0
2258483,1.0
2259014,0.0
2259507,1.0
2260193,1.0
2261445,0.0
2261698,1.0
2261925,1.0
2262251,1.0
2262414,0.0
2262628,1.0
2262640,1.0
2262799,1.0
2262925,0.0
2263111,0.0
2263534,1.0
2263578,1.0
2263611,0.0
2263947,0.0
2264272,1.0
2264292,1.0
2264408,1.0
2264557,1.0
2265293,0.0
2266399,0.0
2266773,1.0
2266939,0.0
2267760,1.0
2267784,1.0
2268041,0.0
2268068,1.0
2268712,1.0
2269185,1.0
2269419,1.0
2270018,1.0
2270377,1.0
2271089,0.0
2271184,1.0
2271218,0.0
2271518,1.0
2271535,1.0
2271550,1.0
2271601,0.0
2271707,1.0
2272123,1.0
2272625,1.0
2273350,1.0
2273514,0.0
2273899,1.0
2273912,1.0
2274544,1.0
2275364,0.0
2275568,1.0
2275988,1.0
2276636,1.0
2278628,1.0
2278871,1.0
2279590,1.0
2279936,0.0
2280116,1.0
2280343,1.0
2280589,0.0
2280704,0.0
2280855,1.0
2281472,0.0
2281567,1.0
2281919,1.0
2282279,1.0
2282289,1.0
2282353,1.0
2282465,0.0
2282571,0.0
2282629,1.0
2283406,1.0
2283980,1.0
2284074,1.0
2284567,1.0
2284678,1.0
2284925,1.0
2285051,1.0
2285446,1.0
2285896,0.0
2286086,1.0
2286638,1.0
2286737,1.0
2286949,0.0
2287100,0.0
2287282,1.0
2287446,1.0
2287499,1.0
2287796,1.0
2287987,1.0
2288582,1.0
2289175,1.0
2289234,1.0
2289549,1.0
2289725,0.0
2289820,1.0
2289908,1.0
2289975,1.0
2290013,1.0
2290928,0.0
2291130,1.0
2291168,0.0
2291379,0.0
2291595,0.0
2291986,1.0
2292449,0.0
2292570,1.0
2292981,1.0
2293046,0.0
2293050,1.0
2293268,0.0
2293328,1.0
2293848,1.0
2294588,1.0
2294795,1.0
2295334,0.0
2295731,0.0
2295746,1.0
2296041,0.0
2296191,1.0
2296251,1.0
2296473,0.0
2296480,0.0
2296526,1.0
2297072,0.0
2297291,1.0
2297884,1.0
2298358,0.0
2298685,1.0
2299062,0.0
2299453,0.0
2299509,1.0
2299584,1.0
2300158,1.0
2300328,1.0
2300375,0.0
2300901,0.0
2301074,1.0
2301103,1.0
2301698,0.0
2301749,1.0
2301886,1.0
2302221,1.0
2303478,0.0
2303956,1.0
2304049,0.0
2304187,1.0
2304216,1.0
2304302,1.0
2304737,1.0
2304772,1.0
2305691,0.0
2305692,1.0
2305890,1.0
2306498,0.0
2306561,0.0
2307178,1.0
2307864,1.0
2308585,0.0
2308786,1.0
2309006,1.0
2309804,0.0
2309906,1.0
2309972,1.0
2310097,1.0
2310152,0.0
2310161,1.0
2310182,1.0
2310815,0.0
2311546,1.0
2312021,0.0
2313090,0.0
2313566,0.0
2313686,0.0
2314635,0.0
2314690,1.0
2314850,0.0
2314954,0.0
2315108,0.0
2315216,1.0
2315623,0.0
2316833,1.0
2317039,1.0
2317145,1.0
2317449,1.0
2317510,0.0
2318031,1.0
2318165,1.0
2318169,0.0
2318261,1.0
2319033,1.0
2319318,0.0
2319338,1.0
2319538,0.0
2319956,1.0
2320067,0.0
2320713,1.0
2321386,0.0
2321595,0.0
2322158,0.0
2322576,1.0
2323046,1.0
2323064,0.0
2323251,1.0
2323561,1.0
2323602,1.0
2324026,0.0
2324555,1.0
2324836,1.0
2325233,0.0
2326417,1.0
2326516,1.0
2326730,0.0
2327067,1.0
2327553,1.0
2327585,1.0
2327616,1.0
2327642,1.0
2328150,1.0
2328483,1.0
2328746,1.0
2329111,1.0
2329391,0.0
2329424,1.0
2331248,0.0
2331565,0.0
2331648,1.0
2332173,1.0
2332431,1.0
2333325,1.0
2333485,1.0
2333528,1.0
2333619,0.0
2333852,1.0
2333907,1.0
2334178,1.0
2334435,0.0
2334482,1.0
2335102,0.0
2335139,1.0
2335319,1.0
2335643,1.0
2335817,1.0
2336038,0.0
2336064,0.0
2336256,1.0
2336366,1.0
2336444,1.0
2336713,0.0
2336758,1.0
2336886,0.0
2337104,1.0
2337304,1.0
2337644,1.0
2338416,1.0
2339061,0.0
2339142,1.0
2339189,1.0
2339648,1.0
2339749,1.0
2340709,1.0
2340837,1.0
2341060,1.0
2341129,1.0
2341131,1.0
2341577,1.0
2342421,0.0
2342912,0.0
2343149,1.0
2343167,1.0
2343225,0.0
2343328,0.0
2343671,1.0
2344400,1.0
2344463,1.0
2344687,1.0
2345271,1.0
2345383,0.0
2345992,1.0
2346654,1.0
2346965,1.0
2347319,0.0
2347680,0.0
2348183,1.0
2348229,1.0
2348898,1.0
2349218,1.0
2349288,0.0
2349412,1.0
2349436,1.0
2349740,0.0
2349822,0.0
2349931,1.0
2350132,1.0
2350910,1.0
2350913,1.0
2350914,0.0
2350977,1.0
2351555,1.0
2352421,0.0
2352733,1.0
2352737,0.0
2352923,1.0
2353249,0.0
2353307,0.0
2353935,1.0
2353997,0.0
2354009,1.0
2354556,1.0
2355585,1.0
2356006,0.0
2356178,1.0
2356947,1.0
2357854,1.0
2357961,1.0
2358544,0.0
2359176,1.0
2359719,1.0
2359964,1.0
2360013,1.0
2360112,1.0
2360280,1.0
2360302,1.0
2361176,1.0
2361187,1.0
2361235,0.0
2361431,0.0
2361877,1.0
2362548,1.0
2362721,1.0
2362755,0.0
2362861,1.0
2363153,0.0
2363636,1.0
2364149,1.0
2364657,1.0
2364988,1.0
2365626,1.0
2365872,0.0
2366431,0.0
2366456,1.0
2366590,1.0
2366877,0.0
2367626,0.0
2367807,0.0
2367988,1.0
2368619,0.0
2369845,0.0
2370867,0.0
2371261,0.0
2371338,0.0
2371424,1.0
2371494,1.0
2371591,1.0
2371608,1.0
2371762,0.0
2372214,1.0
2372460,0.0
2372932,1.0
2373345,0.0
2373733,1.0
2373915,1.0
2374054,0.0
2374885,0.0
2375073,1.0
2375277,1.0
2375373,1.0
2375498,0.0
2375591,0.0
2375936,1.0
2376120,0.0
2376366,1.0
2376514,1.0
2376518,1.0
2376627,1.0
2376685,1.0
2376831,1.0
2376844,0.0
2376999,1.0
2377407,0.0
2377701,1.0
2377891,0.0
2378487,1.0
2378626,0.0
2378656,1.0
2378711,0.0
2379028,1.0
2379474,1.0
2379683,0.0
2379988,0.0
2380357,0.0
2380490,1.0
2381068,0.0
2381454,0.0
2381787,1.0
2381807,0.0
2382061,1.0
2383967,0.0
2384363,1.0
2384657,1.0
2384791,1.0
2384936,0.0
2385115,1.0
2385402,0.0
2385575,0.0
2385715,1.0
2386127,0.0
2386134,0.0
2386154,0.0
2386236,0.0
2386643,0.0
2387072,0.0
2387251,0.0
2387491,1.0
2388235,1.0
2388529,1.0
2388647,1.0
2388844,0.0
2388879,0.0
2389113,0.0
2390196,1.0
2390226,1.0
2390787,0.0
2390790,1.0
2390846,1.0
2391279,1.0
2391405,1.0
2391497,1.0
2392260,1.0
2392493,1.0
2392865,1.0
2392977,0.0
2393130,1.0
2393258,0.0
2393274,1.0
2393396,0.0
2393881,0.0
2393906,0.0
2394094,1.0
2394298,0.0
2394350,0.0
2394441,0.0
2394524,0.0
2394853,1.0
2395173,0.0
2395354,1.0
2395593,0.0
2396183,1.0
2396723,0.0
2397168,1.0
2397407,1.0
2397481,1.0
2398238,1.0
2398768,1.0
2398896,0.0
2399143,0.0
2399157,1.0
2399192,1.0
2399291,0.0
2399855,0.0
2399874,1.0
2400134,0.0
2400179,1.0
2400525,0.0
2401163,0.0
2401258,0.0
2402511,0.0
2403110,0.0
2403383,1.0
2403979,0.0
2404263,0.0
2404406,1.0
2404824,0.0
2404936,0.0
2405258,1.0
2405598,1.0
2405777,0.0
2405842,1.0
2405854,1.0
2405992,1.0
2406093,1.0
2406234,0.0
2406484,0.0
2406855,1.0
2406958,0.0
2407375,1.0
2407707,1.0
2407716,0.0
2409284,1.0
2409343,0.0
2409667,0.0
2409785,1.0
2410005,1.0
2410567,1.0
2410785,1.0
2411088,0.0
2411750,0.0
2411968,1.0
2412275,1.0
2412558,0.0
2412633,0.0
2413289,1.0
2413649,0.0
2413668,0.0
2413979,1.0
2414062,1.0
2414147,1.0
2414369,0.0
2414762,0.0
2414916,0.0
2414956,1.0
2415253,1.0
2415478,1.0
2415597,1.0
2415686,1.0
2416138,1.0
2416185,1.0
2416413,1.0
2416772,0.0
2417840,0.0
2418039,1.0
2418125,0.0
2418470,1.0
2418506,0.0
2419687,1.0
2420273,1.0
2420475,1.0
2421696,0.0
2421738,1.0
2421814,0.0
2421853,0.0
2421964,0.0
2422699,1.0
2422703,0.0
2422877,1.0
2423167,0.0
2423397,0.0
2423549,0.0
2423813,0.0
2424170,1.0
2424259,1.0
2424611,0.0
2425111,1.0
2425166,1.0
2425252,0.0
2425414,1.0
2425592,1.0
2425666,1.0
2425941,1.0
2425974,1.0
2426867,0.0
2428103,0.0
2428275,0.0
2429375,0.0
2429605,1.0
2430518,1.0
2430558,0.0
2430632,1.0
2431341,1.0
2432091,1.0
2432593,1.0
2433468,0.0
2433861,1.0
2433906,0.0
2434179,1.0
2434229,1.0
2434852,0.0
2434887,1.0
2434931,1.0
2435372,0.0
2435525,1.0
2436696,1.0
2436748,0.0
2436801,1.0
2436805,1.0
2437122,0.0
2437200,1.0
2437806,0.0
2437831,1.0
2437945,0.0
2438180,0.0
2438274,1.0
2438510,1.0
2438612,0.0
2438712,0.0
2438974,1.0
2439244,1.0
2439254,1.0
2439365,1.0
2440026,1.0
2440166,0.0
2440223,1.0
2440290,1.0
2440295,0.0
2440322,0.0
2440518,1.0
2440570,0.0
2440673,1.0
2440989,1.0
2441017,0.0
2441239,1.0
2441390,1.0
2441935,1.0
2442241,1.0
2442388,1.0
2442810,1.0
2443391,1.0
2443438,0.0
2443525,1.0
2443836,0.0
2443977,1.0
2444382,0.0
2445045,0.0
2445049,1.0
2445301,1.0
2445449,1.0
2445593,1.0
2445742,0.0
2446641,0.0
2446666,1.0
2447189,1.0
2447673,0.0
2447757,0.0
2447882,1.0
2448282,0.0
2448314,0.0
2448572,0.0
2449380,0.0
2450067,0.0
2450142,1.0
2450702,1.0
2450791,1.0
2450976,0.0
2451306,1.0
2451316,0.0
2451952,0.0
2453600,1.0
2453635,1.0
2453669,0.0
2453963,0.0
2454269,1.0
2454270,1.0
2454634,0.0
2454801,1.0
2454816,0.0
2454849,1.0
2454888,1.0
2455333,0.0
2455375,1.0
2455521,0.0
2455714,1.0
2455744,0.0
2457059,0.0
2457393,1.0
2457548,0.0
2457832,1.0
2458642,0.0
2458881,1.0
2459203,1.0
2459286,1.0
2459906,1.0
2460485,1.0
2461242,1.0
2461724,1.0
2462130,0.0
2462162,1.0
2462265,1.0
2462467,0.0
2462885,1.0
2463273,1.0
2463487,0.0
2463619,0.0
2463699,1.0
2464067,1.0
2464590,1.0
2465227,1.0
2465690,0.0
2465998,1.0
2466090,1.0
2466167,1.0
2466596,1.0
2466904,0.0
2467829,0.0
2467927,1.0
2468000,0.0
2468476,0.0
2469076,1.0
2469158,1.0
2469898,0.0
2470113,1.0
2470435,1.0
2470647,1.0
2470669,1.0
2471564,1.0
2471818,1.0
2472426,1.0
2472685,0.0
2472756,1.0
2472831,0.0
2472841,0.0
2472888,1.0
2473097,0.0
2473234,1.0
2473351,1.0
2474012,1.0
2474618,1.0
2474814,1.0
2475308,0.0
2475399,1.0
2475424,1.0
2476005,1.0
2476461,1.0
2477220,0.0
2477289,1.0
2478316,1.0
2478460,1.0
2478512,1.0
2478529,1.0
2478861,1.0
2479000,1.0
2479140,0.0
2479372,1.0
2479826,1.0
2479988,1.0
2480005,0.0
2481115,1.0
2481450,0.0
2481462,1.0
2481489,0.0
2481643,1.0
2481806,0.0
2482191,1.0
2482206,1.0
2482578,0.0
2482698,1.0
2482743,1.0
2483235,1.0
2483493,1.0
2483680,0.0
2483828,1.0
2483963,1.0
2484094,0.0
2484232,0.0
2484404,0.0
2484881,1.0
2485188,1.0
2485278,1.0
2485293,1.0
2485669,0.0
2485727,1.0
2485952,1.0
2486088,0.0
2486155,1.0
2487186,0.0
2487736,1.0
2488024,1.0
2489052,1.0
2489590,1.0
2489630,1.0
2490105,1.0
2490262,1.0
2490325,1.0
2491009,0.0
2491191,0.0
2491218,0.0
2491348,1.0
2491352,0.0
2491908,1.0
2492164,0.0
2492512,0.0
2492520,0.0
2492813,0.0
2492981,0.0
2493177,1.0
2493787,0.0
2494512,0.0
2494566,1.0
2494994,0.0
2495043,1.0
2495180,0.0
2495477,0.0
2495596,1.0
2495710,0.0
2495832,1.0
2496679,1.0
2496832,0.0
2496858,1.0
2497017,1.0
2497104,0.0
2497489,1.0
2497791,1.0
2498211,1.0
2498285,1.0
2499099,0.0
2499335,1.0
2499547,1.0
2499643,1.0
2500191,1.0
2500412,1.0
2500547,1.0
2500826,0.0
2501537,1.0
2501629,0.0
2501959,0.0
2501973,1.0
2502285,1.0
2502374,0.0
2503126,1.0
2503269,0.0
2503469,0.0
2503492,1.0
2503514,0.0
2503618,1.0
2503895,1.0
2504465,0.0
2504551,0.0
2504818,1.0
2504924,1.0
2505176,0.0
2505880,0.0
2506933,1.0
2507234,0.0
2507623,0.0
2507710,1.0
2508192,0.0
2508248,0.0
2509039,0.0
2509339,0.0
2509615,0.0
2509823,0.0
2509877,1.0
2510082,1.0
2510611,1.0
2510614,0.0
2510778,0.0
2511139,0.0
2511244,0.0
2512226,1.0
2512232,1.0
2512381,0.0
2512438,1.0
2512782,1.0
2513078,1.0
2513121,1.0
2513194,1.0
2513506,0.0
2513577,1.0
2514381,0.0
2514760,0.0
2515253,1.0
2515282,1.0
2515497,0.0
2515604,1.0
2515893,0.0
2515970,1.0
2516144,1.0
2516511,1.0
2516548,1.0
2516571,1.0
2516748,0.0
2517002,0.0
2517067,1.0
2517133,1.0
2517875,0.0
2517876,1.0
2518051,0.0
2518242,0.0
2518686,0.0
2518836,0.0
2519124,1.0
2519528,0.0
2520013,0.0
2520135,1.0
2520602,1.0
2521013,1.0
2521423,1.0
2522136,0.0
2522484,0.0
2522880,1.0
2523023,1.0
2523162,0.0
2523286,0.0
2523374,1.0
2523715,1.0
2523830,0.0
2524354,1.0
2524390,0.0
2524625,0.0
2524838,1.0
2524901,1.0
2525200,1.0
2525330,1.0
2525414,0.0
2525538,0.0
2525729,1.0
2525822,0.0
2525874,0.0
2525936,1.0
2525968,1.0
2526300,1.0
2527191,1.0
2527217,0.0
2528060,0.0
2528386,1.0
2529621,0.0
2529713,1.0
2530025,1.0
2530331,0.0
2531024,0.0
2531875,0.0
2532198,1.0
2532666,1.0
2533066,0.0
2533740,0.0
2533900,1.0
2533977,1.0
2534735,1.0
2534761,0.0
2535521,1.0
2535879,1.0
2536252,0.0
2536494,1.0
2536524,1.0
2536527,0.0
2536821,1.0
2536877,1.0
2537065,1.0
2537167,0.0
2537462,0.0
2537547,0.0
2537842,1.0
2537950,1.0
2537982,1.0
2538272,1.0
2538486,1.0
2538508,0.0
2538961,1.0
2539340,0.0
2539772,1.0
2540143,1.0
2541212,1.0
2541436,0.0
2541526,0.0
2541889,1.0
2542647,1.0
2542686,0.0
2543079,0.0
2543221,1.0
2543345,0.0
2543419,0.0
2543722,1.0
2544316,0.0
2544346,0.0
2544628,0.0
2544732,0.0
2545005,0.0
2545632,0.0
2545731,1.0
2546055,0.0
2546824,0.0
2547470,1.0
2547675,0.0
2547831,1.0
2548446,0.0
2549509,1.0
2549747,1.0
2550887,0.0
2551247,1.0
2551571,1.0
2551928,1.0
2551932,1.0
2552392,1.0
2552495,0.0
2552594,0.0
2552707,0.0
2552745,0.0
2552999,1.0
2553076,1.0
2553494,1.0
2553563,0.0
2553727,0.0
2554107,1.0
2554355,1.0
2554642,1.0
2554993,0.0
2555162,0.0
2555343,1.0
2555355,1.0
2555464,1.0
2555726,0.0
2555890,1.0
2555962,0.0
2556198,0.0
2556340,0.0
2556662,0.0
2557006,1.0
2557325,1.0
2557408,1.0
2557666,0.0
2557898,1.0
2558108,0.0
2558117,1.0
2559085,0.0
2559725,1.0
2560462,1.0
2561367,1.0
2561384,1.0
2561918,1.0
2562364,0.0
2562501,0.0
2562534,1.0
2562776,1.0
2563006,0.0
2563530,1.0
2563546,0.0
2563673,1.0
2564169,1.0
2564263,0.0
2564780,0.0
2565020,1.0
2565030,1.0
2565276,0.0
2566073,0.0
2566205,1.0
2566405,1.0
2566601,1.0
2566781,0.0
2567000,1.0
2567280,0.0
2567456,1.0
2567574,0.0
2568367,1.0
2568997,1.0
2569006,1.0
2569743,0.0
2570615,1.0
2570678,1.0
2571116,1.0
2571425,0.0
2571711,1.0
2572091,0.0
2572458,0.0
2572492,1.0
2573053,0.0
2574048,1.0
2574311,0.0
2574347,1.0
2574765,1.0
2574903,0.0
2574934,1.0
2575326,0.0
2576587,0.0
2576689,1.0
2576943,1.0
2577052,1.0
2577196,0.0
2578097,0.0
2578145,1.0
2578471,1.0
2579274,1.0
2579636,0.0
2579709,0.0
2579717,0.0
2579799,1.0
2579955,1.0
2580762,0.0
2580887,0.0
2581033,1.0
2581155,0.0
2581336,0.0
2581665,0.0
2581731,0.0
2582045,0.0
2582254,1.0
2582281,1.0
2582667,0.0
2582776,1.0
2583035,0.0
2583937,1.0
2584152,1.0
2585330,0.0
2586206,0.0
2586419,1.0
2587419,0.0
2587685,0.0
2587809,1.0
2587896,0.0
2588162,0.0
2588330,0.0
2588530,0.0
2589622,0.0
2589738,0.0
2590110,1.0
2590165,0.0
2590265,0.0
2590949,1.0
2591029,1.0
2591531,1.0
2591826,1.0
2592072,1.0
2592093,1.0
2593082,0.0
2593183,1.0
2593377,1.0
2593471,1.0
2593610,1.0
2593817,0.0
2593998,1.0
2594379,1.0
2594442,1.0
2594573,1.0
2594661,0.0
2594701,1.0
2595303,0.0
2595797,1.0
2595808,1.0
2596021,0.0
2596390,0.0
2596874,0.0
2597090,1.0
2597502,0.0
2598054,0.0
2598082,1.0
2598160,1.0
2598316,1.0
2598638,0.0
2598883,1.0
2599127,1.0
2599606,0.0
2599965,1.0
2600443,1.0
2601044,0.0
2601553,0.0
2602731,0.0
2603115,1.0
2603426,1.0
2603514,1.0
2604098,1.0
2604161,1.0
2604372,1.0
2604661,1.0
2604764,0.0
2605225,0.0
2605334,1.0
2605572,1.0
2605591,1.0
2605768,0.0
2605962,1.0
2606008,0.0
2606431,0.0
2606557,1.0
2606679,0.0
2608053,1.0
2608474,1.0
2608635,0.0
2608714,1.0
2608885,0.0
2609197,0.0
2609249,1.0
2609435,1.0
2610133,1.0
2610471,0.0
2610646,1.0
2611482,1.0
2611689,0.0
2611774,1.0
2611801,1.0
2612518,0.0
2612615,0.0
2613314,0.0
2613337,0.0
2613489,1.0
2613618,1.0
2614278,1.0
2614286,0.0
2614539,1.0
2614739,1.0
2614825,1.0
2615282,0.0
2615448,0.0
2616747,0.0
2617320,1.0
2617683,0.0
2617979,0.0
2618050,1.0
2618320,0.0
2618325,0.0
2619094,1.0
2619292,1.0
2619362,0.0
2619620,1.0
2620198,1.0
2620477,1.0
2620678,0.0
2620967,1.0
2621007,1.0
2621606,1.0
2621891,1.0
2621944,1.0
2622130,1.0
2622177,1.0
2622243,1.0
2622290,1.0
2622432,0.0
2622991,0.0
2623000,0.0
2623166,0.0
2623599,1.0
2623979,0.0
2624335,1.0
2624585,1.0
2624618,1.0
2624945,1.0
2625089,1.0
2625224,1.0
2625327,1.0
2625972,1.0
2625993,1.0
2626114,0.0
2626477,0.0
2626760,1.0
2626938,0.0
2627230,0.0
2627590,0.0
2627730,1.0
2627915,0.0
2628203,1.0
2628538,1.0
2628934,0.0
2629144,0.0
2629326,0.0
2629432,1.0
2629584,1.0
2630686,0.0
2631135,1.0
2631154,1.0
2631477,0.0
2631525,1.0
2631541,1.0
2631592,1.0
2632097,0.0
2632147,1.0
2632412,1.0
2632473,1.0
2632575,0.0
2632853,1.0
2632931,1.0
2632986,0.0
2633466,1.0
2633489,1.0
2633708,0.0
2633796,1.0
2633935,1.0
2634059,0.0
2634460,0.0
2634714,1.0
2634729,1.0
2635428,1.0
2635618,0.0
2636427,0.0
2636433,1.0
2636614,1.0
2637006,1.0
2637235,1.0
2637713,1.0
2638950,1.0
2639057,1.0
2639253,0.0
2639838,1.0
2639878,0.0
2640302,1.0
2640399,0.0
2640799,0.0
2640855,0.0
2641206,0.0
2641303,1.0
2641395,0.0
2641540,1.0
2641920,1.0
2642010,1.0
2642049,1.0
2642268,1.0
2642489,1.0
2642532,1.0
2642548,0.0
2642758,1.0
2642819,0.0
2642886,1.0
2643316,1.0
2643544,1.0
2643565,1.0
2643761,0.0
2643941,1.0
2644007,0.0
2644144,0.0
2644170,0.0
2644445,1.0
2644451,1.0
2644542,1.0
2644543,0.0
2645042,0.0
2645298,1.0
2645606,1.0
2645817,0.0
2646485,1.0
2647117,1.0
2647449,1.0
2647493,0.0
2647696,1.0
2648888,0.0
2648992,1.0
2649231,1.0
2649782,0.0
2649890,0.0
2650109,1.0
2650152,0.0
2650232,0.0
2650476,1.0
2650602,0.0
2651603,0.0
2651893,1.0
2652283,0.0
2653052,1.0
2653081,1.0
2653121,1.0
2653274,1.0
2653308,0.0
2654272,1.0
2654948,1.0
2655381,1.0
2655664,0.0
2655899,1.0
2656037,0.0
2656293,1.0
2656299,0.0
2656798,1.0
2657037,1.0
2657119,0.0
2657257,1.0
2657642,1.0
2657767,1.0
2657839,1.0
2657846,1.0
2658365,0.0
2658478,1.0
2658517,1.0
2658598,1.0
2658907,1.0
2659348,1.0
2659669,1.0
2660493,1.0
2660867,1.0
2660955,0.0
2661002,1.0
2662017,0.0
2662029,1.0
2662105,1.0
2662177,1.0
2662186,0.0
2662432,0.0
2662695,0.0
2663362,1.0
2663390,1.0
2663487,1.0
2663493,1.0
2663681,1.0
2664690,1.0
2664818,1.0
2665032,1.0
2665340,0.0
2665678,1.0
2665725,0.0
2666022,1.0
2666646,1.0
2666661,1.0
2666772,1.0
2667058,1.0
2667435,0.0
2667614,1.0
2667659,0.0
2667775,1.0
2668414,1.0
2668424,0.0
2668452,1.0
2669103,0.0
2669104,1.0
2669552,0.0
2669720,0.0
2669924,1.0
2670017,0.0
2670245,1.0
2670246,0.0
2670737,0.0
2670768,0.0
2671210,1.0
2671551,1.0
2671741,0.0
2671981,1.0
2672381,1.0
2672609,0.0
2672785,1.0
2673261,1.0
2673272,1.0
2673635,1.0
2673661,1.0
2674150,1.0
2674425,1.0
2675026,1.0
2675061,1.0
2675271,1.0
2675276,1.0
2675420,1.0
2675612,1.0
2676417,1.0
2676652,1.0
2676816,1.0
2676833,0.0
2676884,1.0
2677398,0.0
2677738,0.0
2677956,1.0
2677984,0.0
2678930,1.0
2679001,1.0
2679139,1.0
2679234,0.0
2679418,0.0
2679856,0.0
2680059,0.0
2680070,1.0
2680546,1.0
2680719,1.0
2680848,1.0
2681585,1.0
2682068,0.0
2682257,1.0
2682778,0.0
2682790,1.0
2683087,1.0
2683192,0.0
2683483,1.0
2683978,1.0
2684668,1.0
2685021,1.0
2685302,1.0
2685506,0.0
2686443,1.0
2686612,0.0
2686699,1.0
2687023,1.0
2687052,0.0
2687315,1.0
2687419,0.0
2687492,0.0
2687867,1.0
2687918,0.0
2688431,0.0
2689275,1.0
2689544,1.0
2689678,1.0
2689687,1.0
2690536,0.0
2690739,0.0
2691149,1.0
2691263,1.0
2691280,1.0
2691670,0.0
2691705,1.0
2691851,1.0
2691986,1.0
2692347,1.0
2692402,0.0
2692908,0.0
2693072,0.0
2693983,1.0
2694025,1.0
2694102,1.0
2694442,1.0
2694866,1.0
2695135,1.0
2696322,1.0
2696465,1.0
2696519,0.0
2697865,0.0
2697879,0.0
2697961,1.0
2698049,1.0
2698213,1.0
2698481,0.0
2698693,0.0
2698709,1.0
2698710,1.0
2698770,1.0
2698771,0.0
2698923,0.0
2699210,0.0
2699547,1.0
2699603,0.0
2700620,1.0
2701476,1.0
2701764,1.0
2702270,0.0
2702502,1.0
2702921,1.0
2704318,1.0
2704684,1.0
2704757,0.0
2704917,0.0
2705268,0.0
2705396,0.0
2705426,0.0
2705647,1.0
2706082,1.0
2706411,0.0
2706477,0.0
2707198,1.0
2707564,0.0
2707686,0.0
2707726,1.0
2708154,1.0
2708631,0.0
2708643,1.0
2708975,0.0
2709214,0.0
2709320,1.0
2709682,1.0
2710296,1.0
2711255,1.0
2711425,1.0
2711819,0.0
2711986,1.0
2712063,1.0
2712461,0.0
2713273,0.0
2713554,0.0
2713951,0.0
2714550,1.0
2714872,0.0
2714874,0.0
2715061,1.0
2715134,0.0
2715260,0.0
2715528,1.0
2715558,1.0
2715657,1.0
2716231,1.0
2716493,1.0
2716784,0.0
2716981,0.0
2717751,0.0
2717986,0.0
2719031,0.0
2719112,0.0
2719892,1.0
2719978,0.0
2721315,0.0
2721352,0.0
2721663,0.0
2721885,0.0
2721944,1.0
2722368,1.0
2722620,0.0
2722627,1.0
2722654,1.0
2722749,1.0
2723123,1.0
2724277,1.0
2724393,1.0
2724561,1.0
2724578,1.0
2725327,0.0
2725382,1.0
2725451,0.0
2725815,1.0
2725980,0.0
2726051,0.0
2726312,1.0
2726619,1.0
2726644,0.0
2726786,1.0
2726931,1.0
2727023,0.0
2727210,1.0
2727243,0.0
2727377,1.0
2727399,1.0
2727548,1.0
2727827,1.0
2727958,1.0
2728682,0.0
2729106,0.0
2729261,0.0
2729367,1.0
2729433,1.0
2729438,1.0
2729641,1.0
2729931,0.0
2730018,1.0
2730349,0.0
2730884,1.0
2731083,0.0
2731394,1.0
2731453,1.0
2731805,1.0
2731929,1.0
2732226,1.0
2732511,1.0
2732762,1.0
2733167,1.0
2734143,0.0
2734522,1.0
2734827,1.0
2735071,1.0
2735195,1.0
2735340,0.0
2736166,1.0
2736210,1.0
2736295,1.0
2736757,1.0
2737027,1.0
2737102,1.0
2737204,1.0
2737253,1.0
2737426,1.0
2737743,1.0
2737930,1.0
2738273,0.0
2739108,1.0
2740075,1.0
2740716,0.0
2740833,0.0
2741248,1.0
2741517,0.0
2741655,1.0
2742072,1.0
2742100,0.0
2742281,1.0
2742505,1.0
2742655,1.0
2742917,0.0
2743259,1.0
2743448,0.0
2743480,1.0
2744173,1.0
2744194,0.0
2744262,1.0
2745304,0.0
2745386,1.0
2746154,0.0
2746188,1.0
2746427,1.0
2746614,1.0
2746814,1.0
2746833,1.0
2747172,1.0
2747405,1.0
2747551,1.0
2747782,1.0
2747957,1.0
2748932,1.0
2748977,1.0
2749495,1.0
2749771,1.0
2750083,0.0
2750346,1.0
2752920,0.0
2753208,1.0
2753379,1.0
2753381,0.0
2753383,1.0
2753427,1.0
2753635,0.0
2753999,0.0
2754146,1.0
2754319,0.0
2754371,0.0
2754453,0.0
2755271,1.0
2755798,1.0
2756424,1.0
2756541,0.0
2756860,0.0
2757029,1.0
2757116,1.0
2757405,1.0
2757523,1.0
2757835,0.0
2757943,1.0
2757950,1.0
2758179,1.0
2758425,1.0
2758519,1.0
2759144,0.0
2759385,1.0
2760028,1.0
2760287,0.0
2761040,1.0
2761460,0.0
2761736,1.0
2762092,1.0
2762230,1.0
2762485,0.0
2762634,0.0
2762972,0.0
2763134,0.0
2763158,0.0
2763247,1.0
2763463,1.0
2763526,0.0
2763580,0.0
2763728,1.0
2763901,1.0
2763971,1.0
2764005,1.0
2764990,1.0
2765537,0.0
2765546,0.0
2765607,0.0
2765769,1.0
2765918,1.0
2766469,1.0
2766514,0.0
2766564,1.0
2766647,1.0
2766657,0.0
2766740,1.0
2766999,1.0
2767151,1.0
2767871,0.0
2768535,1.0
2768762,0.0
2768796,1.0
2769331,0.0
2769621,1.0
2770626,1.0
2771277,1.0
2771901,0.0
2771960,1.0
2772018,1.0
2772307,0.0
2772450,1.0
2772545,1.0
2772687,0.0
2773465,0.0
2774290,0.0
2774654,0.0
2774695,1.0
2774705,1.0
2775549,1.0
2775642,1.0
2775699,0.0
2775781,0.0
2776140,1.0
2776290,1.0
2776829,1.0
2776936,1.0
2776979,0.0
2777930,1.0
2778052,1.0
2778594,0.0
2778597,0.0
2778698,1.0
2778791,1.0
2779886,1.0
2779909,1.0
2779932,1.0
2780063,1.0
2780467,1.0
2780828,0.0
2780961,0.0
2781366,0.0
2781557,0.0
2781688,1.0
2781693,1.0
2782193,1.0
2782773,1.0
2782785,0.0
2783111,1.0
2783416,0.0
2783535,0.0
2783781,1.0
2783881,1.0
2784475,1.0
2785176,0.0
2786933,1.0
2787696,1.0
2787742,1.0
2787751,0.0
2787799,1.0
2788061,1.0
2788294,0.0
2788592,0.0
2789025,0.0
2789224,1.0
2790028,1.0
2790112,1.0
2790145,1.0
2790263,0.0
2790344,1.0
2790353,0.0
2790534,0.0
2790566,1.0
2790586,0.0
2790597,0.0
2790933,1.0
2791529,0.0
2791570,1.0
2791676,0.0
2791800,1.0
2792212,1.0
2792437,1.0
2792478,1.0
2792505,1.0
2792530,1.0
2792543,1.0
2792692,1.0
2792877,0.0
2792898,0.0
2793269,1.0
2793412,0.0
2794093,1.0
2794219,1.0
2794573,1.0
2794900,0.0
2794998,1.0
2795578,1.0
2795795,0.0
2795990,0.0
2796124,1.0
2796558,0.0
2796684,0.0
2796977,1.0
2797223,0.0
2797463,1.0
2797829,1.0
2798435,1.0
2798483,0.0
2799668,1.0
2799746,0.0
2799884,1.0
2799982,0.0
2799985,1.0
2800484,1.0
2800667,1.0
2800872,1.0
2800999,1.0
2801050,0.0
2801093,0.0
2801354,0.0
2801433,0.0
2801540,1.0
2801733,0.0
2802134,1.0
2802573,1.0
2802973,1.0
2803820,1.0
2804137,0.0
2804568,1.0
2804946,0.0
2805337,1.0
2806085,0.0
2806119,1.0
2806125,1.0
2806146,1.0
2806268,1.0
2806851,1.0
2807002,0.0
2807215,1.0
2807524,1.0
2807965,0.0
2808025,0.0
2808375,1.0
2808550,0.0
2808840,1.0
2809035,0.0
2809686,0.0
2809752,1.0
2809884,1.0
2810005,0.0
2810179,0.0
2810398,0.0
2810488,0.0
2811441,1.0
2811506,0.0
2811575,0.0
2811792,0.0
2812523,1.0
2812970,1.0
2813212,0.0
2813270,1.0
2813575,0.0
2813661,1.0
2813929,1.0
2814107,0.0
2814539,1.0
2814967,1.0
2815181,1.0
2815494,1.0
2815515,0.0
2815619,0.0
2816310,1.0
2816885,1.0
2817070,1.0
2817314,1.0
2817383,0.0
2817602,1.0
2817745,0.0
2817882,1.0
2817932,1.0
2818037,1.0
2818181,0.0
2818613,0.0
2818760,1.0
2819238,0.0
2819356,0.0
2819675,1.0
2820104,0.0
2820395,1.0
2820507,1.0
2820808,0.0
2820919,1.0
2821777,0.0
2822210,0.0
2822663,1.0
2822883,1.0
2823341,0.0
2823348,0.0
2823759,1.0
2823764,1.0
2824417,1.0
2824525,1.0
2824552,1.0
2824910,0.0
2824983,0.0
2825477,1.0
2825704,0.0
2825873,0.0
2826808,1.0
2827376,1.0
2828428,1.0
2829200,0.0
2829217,1.0
2829277,0.0
2829484,0.0
2830088,0.0
2830184,0.0
2831087,1.0
2831256,1.0
2831403,0.0
2831933,1.0
2832562,1.0
2832731,1.0
2833638,1.0
2833831,1.0
2833990,1.0
2834408,1.0
2834801,1.0
2834894,1.0
2835648,1.0
2836190,1.0
2836375,1.0
2836429,1.0
2836949,0.0
2837066,1.0
2837584,1.0
2837650,1.0
2837658,1.0
2837692,1.0
2837749,0.0
2837752,1.0
2838143,1.0
2838293,1.0
2838494,0.0
2838699,0.0
2838721,0.0
2838741,0.0
2838851,1.0
2838939,1.0
2839041,0.0
2840002,1.0
2840385,0.0
2840398,1.0
2841172,1.0
2841345,0.0
2841348,1.0
2841739,0.0
2841836,1.0
2842341,1.0
2842408,1.0
2842578,0.0
2843268,1.0
2843344,0.0
2844095,0.0
2844247,1.0
2844585,1.0
2844773,1.0
2845151,0.0
2845213,1.0
2845311,1.0
2845553,1.0
2845686,0.0
2845741,0.0
2845759,0.0
2845764,0.0
2846627,1.0
2846697,1.0
2847688,1.0
2848172,1.0
2848227,0.0
2848453,0.0
2849163,0.0
2849270,1.0
2849734,1.0
2850088,1.0
2850100,1.0
2850863,1.0
2851004,0.0
2851163,1.0
2851209,1.0
2851330,1.0
2851515,1.0
2851535,0.0
2851743,0.0
2852126,0.0
2852605,0.0
2853016,1.0
2853128,0.0
2853143,0.0
2853889,0.0
2854084,1.0
2854294,0.0
2854509,1.0
2854568,0.0
2854637,0.0
2854776,1.0
2855066,0.0
2855165,0.0
2855495,1.0
2855568,1.0
2855751,1.0
2856188,0.0
2856621,0.0
2856921,1.0
2857411,1.0
2857656,1.0
2858008,0.0
2859121,1.0
2859180,1.0
2859597,0.0
2859781,1.0
2860309,0.0
2860508,0.0
2860847,0.0
2860916,1.0
2861018,1.0
2861048,1.0
2861187,0.0
2861794,0.0
2862698,0.0
2863488,0.0
2863525,0.0
2863860,0.0
2864499,1.0
2864675,0.0
2865022,0.0
2865361,0.0
2865365,1.0
2865765,1.0
2866217,1.0
2866376,0.0
2866738,0.0
2866859,0.0
2867202,1.0
2867389,0.0
2867837,0.0
2868065,0.0
2868428,0.0
2868536,0.0
2868761,1.0
2869123,1.0
2869196,0.0
2869579,1.0
2869680,1.0
2869821,1.0
2869845,1.0
2870549,1.0
2870738,1.0
2870873,0.0
2870928,1.0
2871446,1.0
2871858,0.0
2871881,0.0
2872219,0.0
2872564,1.0
2872595,1.0
2873714,0.0
2874107,1.0
2874243,1.0
2874922,1.0
2875089,0.0
2875519,0.0
2875559,0.0
2875711,0.0
2875817,1.0
2876851,0.0
2877733,0.0
2878346,1.0
2878504,0.0
2878627,0.0
2878804,1.0
2878942,1.0
2879545,1.0
2880082,1.0
2880121,0.0
2880257,1.0
2880387,0.0
2880796,1.0
2880883,1.0
2881325,0.0
2881557,1.0
2881582,0.0
2881595,0.0
2882955,0.0
2883070,1.0
2883158,0.0
2883585,0.0
2884063,1.0
2884170,1.0
2884316,0.0
2884684,1.0
2884904,1.0
2885037,0.0
2885629,1.0
2885876,1.0
2886117,1.0
2886466,1.0
2886838,0.0
2887211,1.0
2887424,0.0
2887581,1.0
2887781,0.0
2887925,1.0
2888368,0.0
2888669,1.0
2888819,0.0
2889669,1.0
2889748,0.0
2890040,1.0
2890979,1.0
2891063,0.0
2891391,0.0
2891550,1.0
2891942,1.0
2892796,1.0
2893184,0.0
2893421,0.0
2893468,0.0
2894439,1.0
2894585,1.0
2894994,1.0
2895649,1.0
2895756,1.0
2895933,0.0
2896307,1.0
2896427,1.0
2896715,0.0
2896748,1.0
2896827,1.0
2897076,1.0
2897277,0.0
2897695,1.0
2897785,1.0
2898302,0.0
2898605,1.0
2899851,0.0
2899882,0.0
2900774,1.0
2900976,1.0
2901468,1.0
2901485,0.0
2901984,1.0
2902015,1.0
2902149,0.0
2902507,1.0
2902684,0.0
2903062,1.0
2903122,0.0
2903141,1.0
2903266,1.0
2903429,1.0
2903536,1.0
2904200,0.0
2904420,0.0
2905361,1.0
2905858,0.0
2906243,1.0
2906436,1.0
2907025,0.0
2907259,1.0
2907588,1.0
2907675,1.0
2908143,1.0
2908694,1.0
2909040,1.0
2909216,1.0
2909266,1.0
2910422,0.0
2910701,0.0
2911066,0.0
2911557,1.0
2911720,1.0
2911840,1.0
2911977,1.0
2912183,0.0
2912426,0.0
2912617,0.0
2912722,1.0
2912802,1.0
2913360,0.0
2914379,0.0
2915388,1.0
2915536,0.0
2916474,1.0
2916500,1.0
2916646,0.0
2917677,0.0
2917801,0.0
2918140,1.0
2918562,1.0
2918985,1.0
2919000,0.0
2919340,1.0
2919534,1.0
2919545,1.0
2919551,1.0
2919598,0.0
2919922,1.0
2920014,0.0
2920115,1.0
2920355,1.0
2921087,1.0
2921234,1.0
2921652,0.0
2922313,0.0
2922719,0.0
2924616,1.0
2925035,1.0
2925503,1.0
2925512,1.0
2925555,1.0
2925772,0.0
2925821,1.0
2926222,0.0
2926241,1.0
2926336,1.0
2926604,1.0
2926743,1.0
2927040,1.0
2927171,1.0
2927243,1.0
2927996,0.0
2928170,0.0
2928361,0.0
2928718,1.0
2928757,1.0
2929221,1.0
2929921,1.0
2930062,1.0
2930238,1.0
2930532,1.0
2930650,1.0
2931434,1.0
2931706,1.0
2931756,1.0
2932310,0.0
2932372,1.0
2932568,1.0
2932649,1.0
2932823,1.0
2932845,0.0
2933109,0.0
2933214,0.0
2933369,1.0
2933724,0.0
2933812,0.0
2933992,0.0
2934178,0.0
2934307,1.0
2934340,0.0
2934504,1.0
2934974,0.0
2935193,1.0
2935260,0.0
2935503,0.0
2935528,0.0
2935935,1.0
2935969,1.0
2936168,1.0
2936350,0.0
2936409,0.0
2936654,1.0
2936953,0.0
2936960,1.0
2937411,0.0
2937773,0.0
2937874,0.0
2937954,1.0
2938010,1.0
2938778,0.0
2939512,1.0
2939575,1.0
2939667,1.0
2940404,0.0
2941170,1.0
2941421,0.0
2941729,0.0
2942257,1.0
2942594,1.0
2942598,1.0
2942986,1.0
2943188,0.0
2943842,0.0
2944415,1.0
2944682,1.0
2944878,0.0
2944880,1.0
2944892,1.0
2945030,1.0
2945081,0.0
2945646,0.0
2946225,0.0
2946375,1.0
2946623,1.0
2947139,0.0
2947506,0.0
2947582,0.0
2947768,1.0
2948476,0.0
2949300,0.0
2949898,0.0
2950223,1.0
2950992,1.0
2951216,0.0
2951276,1.0
2951715,1.0
2952213,1.0
2952291,0.0
2953457,1.0
2953500,1.0
2954177,1.0
2954400,0.0
2955041,1.0
2955327,1.0
2955741,1.0
2955978,0.0
2958147,1.0
2958746,1.0
2958999,1.0
2959485,0.0
2961104,0.0
2961217,1.0
2961328,1.0
2961629,1.0
2961655,1.0
2961929,0.0
2962138,0.0
2962473,0.0
2962475,0.0
2963075,1.0
2963095,0.0
2964169,1.0
2964885,0.0
2964953,0.0
2965372,0.0
2965489,1.0
2965773,1.0
2965868,1.0
2966541,0.0
2966914,1.0
2967320,1.0
2967946,1.0
2968235,1.0
2968556,0.0
2968963,0.0
2969202,0.0
2969737,1.0
2969877,1.0
2969991,1.0
2970295,0.0
2970429,0.0
2970495,1.0
2970519,1.0
2970654,0.0
2971054,0.0
2971355,0.0
2971439,0.0
2971568,0.0
2971706,0.0
2971883,1.0
2971905,0.0
2972297,1.0
2972312,0.0
2973019,0.0
2973288,1.0
2973316,1.0
2973403,0.0
2973427,1.0
2973428,0.0
2974011,1.0
2974130,0.0
2974345,0.0
2974402,0.0
2974553,1.0
2974755,1.0
2975592,1.0
2975756,1.0
2975911,1.0
2976060,1.0
2976337,0.0
2976840,1.0
2977173,1.0
2977459,1.0
2978284,1.0
2978696,0.0
2979965,1.0
2980087,1.0
2980414,0.0
2981120,1.0
2981396,0.0
2981527,1.0
2982407,1.0
2982557,1.0
2982713,0.0
2983630,1.0
2983731,0.0
2983801,0.0
2983880,1.0
2983931,1.0
2983963,1.0
2984102,1.0
2984346,0.0
2984774,1.0
2984933,1.0
2985329,0.0
2985556,0.0
2985687,1.0
2986035,0.0
2986086,0.0
2986196,0.0
2986803,0.0
2986805,0.0
2986839,0.0
2986946,0.0
2987261,0.0
2987362,0.0
2987433,1.0
2987880,1.0
2988136,0.0
2988216,0.0
2988306,1.0
2988370,1.0
2988396,1.0
2988564,1.0
2989034,1.0
2989238,1.0
2989816,1.0
2990018,1.0
2990133,0.0
2990190,0.0
2990568,0.0
2990899,1.0
2991006,1.0
2991044,0.0
2991143,1.0
2991261,1.0
2991847,0.0
2992049,1.0
2993001,0.0
2993042,0.0
2993258,0.0
2993317,0.0
2993625,1.0
2993958,0.0
2994035,0.0
2995235,0.0
2995406,1.0
2995490,1.0
2995522,0.0
2995659,1.0
2996650,0.0
2996755,1.0
2996851,1.0
2996860,1.0
2997263,1.0
2998494,0.0
2998551,1.0
2998586,0.0
2998626,0.0
